tile_1_building,tile_1_floor,tile_1_space_id,tile_1_relative_position,tile_2_building,tile_2_floor,tile_2_space_id,tile_2_relative_position,walkable,cost
2,0,201,1,2,0,214,1,0,NULL
2,0,201,1,2,0,214,2,0,NULL
2,0,201,1,2,0,201,2,1,NULL
2,0,214,1,2,0,201,1,0,NULL
2,0,214,1,2,0,214,2,1,NULL
2,0,214,1,2,0,215,2,0,NULL
2,0,214,2,2,0,214,1,1,NULL
2,0,214,2,2,0,215,2,1,NULL
2,0,214,2,2,0,201,1,0,NULL
2,0,214,2,2,0,201,2,1,NULL
2,0,214,2,2,0,113,2,1,NULL
2,0,214,2,2,0,112,2,1,NULL
2,0,201,2,2,0,201,1,1,NULL
2,0,201,2,2,0,214,2,1,NULL
2,0,201,2,2,0,215,2,1,NULL
2,0,201,2,2,0,202,2,1,NULL
2,0,215,2,2,0,214,2,1,NULL
2,0,215,2,2,0,214,1,0,NULL
2,0,215,2,2,0,201,2,1,NULL
2,0,215,2,2,0,113,2,1,NULL
2,0,215,2,2,0,112,2,1,NULL
2,0,113,2,2,0,112,1,0,NULL
2,0,113,2,2,0,112,2,1,NULL
2,0,113,2,2,0,133,2,1,NULL
2,0,113,2,2,0,215,2,1,NULL
2,0,113,2,2,0,214,2,1,NULL
2,0,112,2,2,0,112,1,1,NULL
2,0,112,2,2,0,113,2,1,NULL
2,0,112,2,2,0,133,2,1,NULL
2,0,112,2,2,0,133,1,0,NULL
2,0,112,2,2,0,215,2,1,NULL
2,0,112,2,2,0,214,2,1,NULL
2,0,202,2,2,0,201,2,1,NULL
2,0,202,2,2,0,203,2,1,NULL
2,0,112,1,2,0,133,1,0,NULL
2,0,112,1,2,0,113,2,0,NULL
2,0,112,1,2,0,112,2,1,NULL
2,0,133,2,2,0,113,2,1,NULL
2,0,133,2,2,0,112,2,1,NULL
2,0,133,2,2,0,133,1,1,NULL
2,0,133,2,2,0,134,2,1,NULL
2,0,133,1,2,0,133,2,1,NULL
2,0,133,1,2,0,134,1,0,NULL
2,0,133,1,2,0,112,1,0,NULL
2,0,133,1,2,0,112,2,0,NULL
2,0,203,2,2,0,202,2,1,NULL
2,0,203,2,2,0,204,2,1,NULL
2,0,134,2,2,0,134,1,1,NULL
2,0,134,2,2,0,135,2,1,NULL
2,0,134,2,2,0,133,2,1,NULL
2,0,134,1,2,0,134,2,1,NULL
2,0,134,1,2,0,133,1,0,NULL
2,0,204,2,2,0,203,2,1,NULL
2,0,204,2,2,0,211,2,1,NULL
2,0,135,2,2,0,134,2,1,NULL
2,0,135,2,2,0,136,2,1,NULL
2,0,135,2,2,0,132,1,0,NULL
2,0,211,2,2,0,204,2,1,NULL
2,0,211,2,2,0,205,2,1,NULL
2,0,211,2,2,0,205,1,0,NULL
2,0,136,2,2,0,135,2,1,NULL
2,0,136,2,2,0,132,1,0,NULL
2,0,136,2,2,0,138,2,1,NULL
2,0,136,2,2,0,137,2,1,NULL
2,0,136,2,2,0,132,2,1,NULL
2,0,136,2,2,0,139,2,1,NULL
2,0,205,2,2,0,211,2,1,NULL
2,0,205,2,2,0,205,1,1,NULL
2,0,205,2,2,0,206,2,1,NULL
2,0,205,1,2,0,205,2,1,NULL
2,0,205,1,2,0,211,2,0,NULL
2,0,132,1,2,0,135,2,0,NULL
2,0,132,1,2,0,136,2,0,NULL
2,0,132,1,2,0,132,2,1,NULL
2,0,138,2,2,0,138,1,1,NULL
2,0,138,2,2,0,137,2,1,NULL
2,0,138,2,2,0,136,2,1,NULL
2,0,138,2,2,0,139,2,1,NULL
2,0,138,2,2,0,132,2,1,NULL
2,0,137,2,2,0,138,2,1,NULL
2,0,137,2,2,0,138,1,0,NULL
2,0,137,2,2,0,136,2,1,NULL
2,0,139,2,2,0,132,2,1,NULL
2,0,139,2,2,0,138,2,1,NULL
2,0,139,2,2,0,136,2,1,NULL
2,0,139,2,2,0,139,1,1,NULL
2,0,139,2,2,0,130,2,1,NULL
2,0,139,2,2,0,129,2,1,NULL
2,0,139,2,2,0,128,2,1,NULL
2,0,139,2,2,0,140,2,1,NULL
2,0,132,2,2,0,132,1,1,NULL
2,0,132,2,2,0,136,2,1,NULL
2,0,132,2,2,0,130,2,1,NULL
2,0,132,2,2,0,138,2,1,NULL
2,0,132,2,2,0,139,2,1,NULL
2,0,138,1,2,0,138,2,1,NULL
2,0,138,1,2,0,139,1,1,NULL
2,0,138,1,2,0,137,2,0,NULL
2,0,139,1,2,0,138,1,1,NULL
2,0,139,1,2,0,139,2,1,NULL
2,0,139,1,2,0,140,1,0,NULL
2,0,130,2,2,0,130,1,1,NULL
2,0,130,2,2,0,139,2,1,NULL
2,0,130,2,2,0,132,2,1,NULL
2,0,130,2,2,0,129,2,1,NULL
2,0,129,2,2,0,129,1,1,NULL
2,0,129,2,2,0,130,2,1,NULL
2,0,129,2,2,0,139,2,1,NULL
2,0,129,2,2,0,140,2,1,NULL
2,0,129,2,2,0,128,2,1,NULL
2,0,128,2,2,0,129,2,1,NULL
2,0,128,2,2,0,139,2,1,NULL
2,0,128,2,2,0,140,2,1,NULL
2,0,128,2,2,0,127,2,1,NULL
2,0,140,2,2,0,139,2,1,NULL
2,0,140,2,2,0,129,2,1,NULL
2,0,140,2,2,0,128,2,1,NULL
2,0,140,2,2,0,127,2,1,NULL
2,0,140,2,2,0,140,1,1,NULL
2,0,140,2,2,0,126,2,1,NULL
2,0,140,2,2,0,124,2,1,NULL
2,0,140,2,2,0,111,2,1,NULL
2,0,140,1,2,0,140,2,1,NULL
2,0,140,1,2,0,139,1,0,NULL
2,0,130,1,2,0,130,2,1,NULL
2,0,130,1,2,0,129,1,0,NULL
2,0,129,1,2,0,129,2,1,NULL
2,0,129,1,2,0,130,1,0,NULL
2,0,127,2,2,0,127,1,1,NULL
2,0,127,2,2,0,128,2,1,NULL
2,0,127,2,2,0,140,2,1,NULL
2,0,127,2,2,0,126,2,1,NULL
2,0,126,2,2,0,126,1,1,NULL
2,0,126,2,2,0,127,2,1,NULL
2,0,126,2,2,0,140,2,1,NULL
2,0,126,2,2,0,124,2,1,NULL
2,0,124,2,2,0,126,2,1,NULL
2,0,124,2,2,0,140,2,1,NULL
2,0,124,2,2,0,124,1,1,NULL
2,0,124,2,2,0,111,2,1,NULL
2,0,111,2,2,0,124,2,1,NULL
2,0,111,2,2,0,140,2,1,NULL
2,0,111,2,2,0,110,2,1,NULL
2,0,111,2,2,0,107,2,1,NULL
2,0,127,1,2,0,127,2,1,NULL
2,0,127,1,2,0,126,1,0,NULL
2,0,126,1,2,0,126,2,1,NULL
2,0,126,1,2,0,127,1,0,NULL
2,0,126,1,2,0,124,1,0,NULL
2,0,124,1,2,0,124,2,1,NULL
2,0,124,1,2,0,126,1,0,NULL
2,0,110,2,2,0,111,2,1,NULL
2,0,110,2,2,0,107,2,1,NULL
2,0,110,2,2,0,108,2,1,NULL
2,0,107,2,2,0,107,1,1,NULL
2,0,107,2,2,0,111,2,1,NULL
2,0,107,2,2,0,110,2,1,NULL
2,0,107,2,2,0,108,2,1,NULL
2,0,108,2,2,0,110,2,1,NULL
2,0,108,2,2,0,107,2,1,NULL
2,0,108,2,2,0,106,2,1,NULL
2,0,108,2,2,0,107,1,0,NULL
2,0,107,1,2,0,107,2,1,NULL
2,0,107,1,2,0,108,2,0,NULL
2,0,107,1,2,0,103,1,0,NULL
2,0,106,2,2,0,108,2,1,NULL
2,0,106,2,2,0,103,2,1,NULL
2,0,106,2,2,0,103,1,0,NULL
2,0,103,1,2,0,107,1,0,NULL
2,0,103,1,2,0,106,2,0,NULL
2,0,103,1,2,0,103,2,1,NULL
2,0,103,2,2,0,103,1,1,NULL
2,0,103,2,2,0,106,2,1,NULL
2,0,103,2,2,0,101,2,1,NULL
2,0,103,2,2,0,104,1,1,NULL
2,0,103,2,2,0,104,2,1,NULL
2,0,101,2,2,0,103,2,1,NULL
2,0,101,2,2,0,104,2,1,NULL
2,0,104,1,2,0,103,2,1,NULL
2,0,104,1,2,0,104,2,1,NULL
2,0,104,1,2,0,125,2,0,NULL
2,0,104,1,2,0,120,2,0,NULL
2,0,104,2,2,0,104,1,1,NULL
2,0,104,2,2,0,101,2,1,NULL
2,0,104,2,2,0,103,2,1,NULL
2,0,104,2,2,0,121,2,1,NULL
2,0,104,2,2,0,125,2,1,NULL
2,0,125,2,2,0,104,1,0,NULL
2,0,125,2,2,0,104,2,1,NULL
2,0,125,2,2,0,121,2,1,NULL
2,0,125,2,2,0,120,2,1,NULL
2,0,120,2,2,0,104,1,0,NULL
2,0,120,2,2,0,125,2,1,NULL
2,0,120,2,2,0,119,2,1,NULL
2,0,121,2,2,0,104,2,1,NULL
2,0,121,2,2,0,125,2,1,NULL
2,0,121,2,2,0,121,1,1,NULL
2,0,121,2,2,0,122,2,1,NULL
2,0,119,2,2,0,120,2,1,NULL
2,0,119,2,2,0,118,2,1,NULL
2,0,119,2,2,0,117,2,1,NULL
2,0,122,2,2,0,121,2,1,NULL
2,0,122,2,2,0,122,1,1,NULL
2,0,121,1,2,0,121,2,1,NULL
2,0,121,1,2,0,122,1,0,NULL
2,0,122,1,2,0,122,2,1,NULL
2,0,122,1,2,0,121,1,0,NULL
2,0,118,2,2,0,119,2,1,NULL
2,0,118,2,2,0,117,2,1,NULL
2,0,118,2,2,0,209,2,1,NULL
2,0,118,2,2,0,208,2,1,NULL
2,0,117,2,2,0,118,2,1,NULL
2,0,117,2,2,0,119,2,1,NULL
2,0,117,2,2,0,209,2,1,NULL
2,0,117,2,2,0,208,2,1,NULL
2,0,209,2,2,0,208,2,1,NULL
2,0,209,2,2,0,117,2,1,NULL
2,0,209,2,2,0,118,2,1,NULL
2,0,209,2,2,0,207,2,1,NULL
2,0,208,2,2,0,209,2,1,NULL
2,0,208,2,2,0,117,2,1,NULL
2,0,208,2,2,0,118,2,1,NULL
2,0,208,2,2,0,207,2,1,NULL
2,0,207,2,2,0,208,2,1,NULL
2,0,207,2,2,0,209,2,1,NULL
2,0,207,2,2,0,206,2,1,NULL
2,0,207,2,2,0,207,1,1,NULL
2,0,206,2,2,0,207,2,1,NULL
2,0,206,2,2,0,205,2,1,NULL
2,0,207,1,2,0,207,2,1,NULL
2,1,140,1,2,1,140,2,1,NULL
2,1,140,1,2,1,141,2,1,NULL
2,1,140,1,2,1,143,1,0,NULL
2,1,140,2,2,1,141,2,1,NULL
2,1,140,2,2,1,140,1,1,NULL
2,1,140,2,2,1,143,2,1,NULL
2,1,140,2,2,1,101,2,1,NULL
2,1,140,2,2,1,214,2,1,NULL
2,1,140,2,2,1,215,2,1,NULL
2,1,141,2,2,1,140,2,1,NULL
2,1,141,2,2,1,140,1,1,NULL
2,1,141,2,2,1,143,2,1,NULL
2,1,141,2,2,1,101,2,1,NULL
2,1,141,2,2,1,214,2,1,NULL
2,1,141,2,2,1,215,2,1,NULL
2,1,143,1,2,1,143,2,1,NULL
2,1,143,1,2,1,140,1,0,NULL
2,1,143,2,2,1,143,1,1,NULL
2,1,143,2,2,1,140,2,1,NULL
2,1,143,2,2,1,141,2,1,NULL
2,1,143,2,2,1,101,2,1,NULL
2,1,101,2,2,1,143,2,1,NULL
2,1,101,2,2,1,140,2,1,NULL
2,1,101,2,2,1,141,2,1,NULL
2,1,101,2,2,1,102,2,1,NULL
2,1,214,2,2,1,215,2,1,NULL
2,1,214,2,2,1,214,1,1,NULL
2,1,214,2,2,1,201,2,1,NULL
2,1,214,2,2,1,141,2,1,NULL
2,1,214,2,2,1,140,2,1,NULL
2,1,215,2,2,1,214,2,1,NULL
2,1,215,2,2,1,214,1,1,NULL
2,1,215,2,2,1,201,2,1,NULL
2,1,215,2,2,1,140,2,1,NULL
2,1,215,2,2,1,141,2,1,NULL
2,1,102,2,2,1,101,2,1,NULL
2,1,102,2,2,1,103,2,1,NULL
2,1,102,2,2,1,115,1,0,NULL
2,1,214,1,2,1,214,2,1,NULL
2,1,214,1,2,1,215,2,1,NULL
2,1,201,2,2,1,212,2,1,NULL
2,1,201,2,2,1,214,2,1,NULL
2,1,201,2,2,1,215,2,1,NULL
2,1,103,2,2,1,102,2,1,NULL
2,1,103,2,2,1,104,2,1,NULL
2,1,103,2,2,1,115,2,1,NULL
2,1,103,2,2,1,106,2,1,NULL
2,1,115,1,2,1,102,2,0,NULL
2,1,115,1,2,1,115,2,1,NULL
2,1,212,2,2,1,201,2,1,NULL
2,1,212,2,2,1,202,2,1,NULL
2,1,104,2,2,1,103,2,1,NULL
2,1,104,2,2,1,105,2,1,NULL
2,1,115,2,2,1,103,2,1,NULL
2,1,115,2,2,1,115,1,1,NULL
2,1,115,2,2,1,106,2,1,NULL
2,1,115,2,2,1,116,2,1,NULL
2,1,106,2,2,1,115,2,1,NULL
2,1,106,2,2,1,103,2,1,NULL
2,1,106,2,2,1,116,2,1,NULL
2,1,106,2,2,1,107,2,1,NULL
2,1,202,2,2,1,212,2,1,NULL
2,1,202,2,2,1,203,2,1,NULL
2,1,105,2,2,1,104,2,1,NULL
2,1,105,2,2,1,105,1,1,NULL
2,1,116,2,2,1,115,2,1,NULL
2,1,116,2,2,1,106,2,1,NULL
2,1,116,2,2,1,107,2,1,NULL
2,1,116,2,2,1,117,2,1,NULL
2,1,107,2,2,1,107,1,1,NULL
2,1,107,2,2,1,106,2,1,NULL
2,1,107,2,2,1,116,2,1,NULL
2,1,107,2,2,1,117,2,1,NULL
2,1,107,2,2,1,118,2,1,NULL
2,1,107,2,2,1,108,2,1,NULL
2,1,203,2,2,1,202,2,1,NULL
2,1,203,2,2,1,203,1,1,NULL
2,1,203,2,2,1,204,2,1,NULL
2,1,105,1,2,1,105,2,1,NULL
2,1,117,2,2,1,107,2,1,NULL
2,1,117,2,2,1,116,2,1,NULL
2,1,117,2,2,1,118,2,1,NULL
2,1,107,1,2,1,107,2,1,NULL
2,1,118,2,2,1,117,2,1,NULL
2,1,118,2,2,1,107,2,1,NULL
2,1,118,2,2,1,108,2,1,NULL
2,1,118,2,2,1,119,2,1,NULL
2,1,108,2,2,1,108,1,1,NULL
2,1,108,2,2,1,107,2,1,NULL
2,1,108,2,2,1,118,2,1,NULL
2,1,108,2,2,1,119,2,1,NULL
2,1,108,2,2,1,120,2,1,NULL
2,1,108,2,2,1,109,2,1,NULL
2,1,203,1,2,1,203,2,1,NULL
2,1,203,1,2,1,204,1,1,NULL
2,1,204,2,2,1,203,2,1,NULL
2,1,204,2,2,1,204,1,1,NULL
2,1,204,2,2,1,209,2,1,NULL
2,1,119,2,2,1,108,2,1,NULL
2,1,119,2,2,1,118,2,1,NULL
2,1,119,2,2,1,120,2,1,NULL
2,1,108,1,2,1,108,2,1,NULL
2,1,108,1,2,1,109,1,0,NULL
2,1,120,2,2,1,119,2,1,NULL
2,1,120,2,2,1,108,2,1,NULL
2,1,120,2,2,1,109,2,1,NULL
2,1,120,2,2,1,121,2,1,NULL
2,1,109,2,2,1,109,1,1,NULL
2,1,109,2,2,1,108,2,1,NULL
2,1,109,2,2,1,120,2,1,NULL
2,1,109,2,2,1,121,2,1,NULL
2,1,109,2,2,1,122,2,1,NULL
2,1,109,2,2,1,110,2,1,NULL
2,1,121,2,2,1,122,2,1,NULL
2,1,121,2,2,1,110,2,1,NULL
2,1,121,2,2,1,109,2,1,NULL
2,1,121,2,2,1,120,2,1,NULL
2,1,204,1,2,1,203,1,1,NULL
2,1,204,1,2,1,204,2,1,NULL
2,1,209,2,2,1,204,2,1,NULL
2,1,209,2,2,1,225,1,0,NULL
2,1,209,2,2,1,224,2,1,NULL
2,1,109,1,2,1,108,1,0,NULL
2,1,109,1,2,1,109,2,1,NULL
2,1,109,1,2,1,110,1,0,NULL
2,1,122,2,2,1,121,2,1,NULL
2,1,122,2,2,1,109,2,1,NULL
2,1,122,2,2,1,110,2,1,NULL
2,1,122,2,2,1,123,2,1,NULL
2,1,110,2,2,1,110,1,1,NULL
2,1,110,2,2,1,109,2,1,NULL
2,1,110,2,2,1,122,2,1,NULL
2,1,110,2,2,1,121,2,1,NULL
2,1,110,2,2,1,123,2,1,NULL
2,1,225,1,2,1,209,2,0,NULL
2,1,225,1,2,1,224,1,1,NULL
2,1,225,1,2,1,224,2,0,NULL
2,1,224,2,2,1,225,1,0,NULL
2,1,224,2,2,1,205,2,0,NULL
2,1,224,2,2,1,224,1,1,NULL
2,1,224,2,2,1,209,2,1,NULL
2,1,224,2,2,1,223,2,1,NULL
2,1,110,1,2,1,110,2,1,NULL
2,1,110,1,2,1,109,1,0,NULL
2,1,123,2,2,1,122,2,1,NULL
2,1,123,2,2,1,110,2,1,NULL
2,1,123,2,2,1,124,2,1,NULL
2,1,123,2,2,1,111,2,1,NULL
2,1,224,1,2,1,225,1,1,NULL
2,1,224,1,2,1,224,2,1,NULL
2,1,224,1,2,1,205,2,1,NULL
2,1,205,2,2,1,224,1,1,NULL
2,1,205,2,2,1,224,2,0,NULL
2,1,223,2,2,1,224,2,1,NULL
2,1,223,2,2,1,221,2,1,NULL
2,1,124,2,2,1,124,1,1,NULL
2,1,124,2,2,1,123,2,1,NULL
2,1,124,2,2,1,111,2,1,NULL
2,1,124,2,2,1,125,2,1,NULL
2,1,111,2,2,1,111,1,1,NULL
2,1,111,2,2,1,123,2,1,NULL
2,1,111,2,2,1,124,2,1,NULL
2,1,111,2,2,1,125,2,1,NULL
2,1,111,2,2,1,112,2,1,NULL
2,1,111,2,2,1,126,2,1,NULL
2,1,221,2,2,1,223,2,1,NULL
2,1,221,2,2,1,216,2,1,NULL
2,1,124,1,2,1,124,2,1,NULL
2,1,124,1,2,1,125,1,0,NULL
2,1,125,2,2,1,125,1,1,NULL
2,1,125,2,2,1,124,2,1,NULL
2,1,125,2,2,1,111,2,1,NULL
2,1,125,2,2,1,126,2,1,NULL
2,1,125,2,2,1,112,2,1,NULL
2,1,111,1,2,1,111,2,1,NULL
2,1,111,1,2,1,112,1,0,NULL
2,1,112,2,2,1,112,1,1,NULL
2,1,112,2,2,1,111,2,1,NULL
2,1,112,2,2,1,125,2,1,NULL
2,1,112,2,2,1,126,2,1,NULL
2,1,112,2,2,1,127,2,1,NULL
2,1,112,2,2,1,128,2,1,NULL
2,1,126,2,2,1,125,2,1,NULL
2,1,126,2,2,1,111,2,1,NULL
2,1,126,2,2,1,112,2,1,NULL
2,1,126,2,2,1,127,2,1,NULL
2,1,216,2,2,1,221,2,1,NULL
2,1,216,2,2,1,216,1,1,NULL
2,1,216,2,2,1,218,2,1,NULL
2,1,125,1,2,1,125,2,1,NULL
2,1,125,1,2,1,124,1,0,NULL
2,1,112,1,2,1,112,2,1,NULL
2,1,112,1,2,1,111,1,0,NULL
2,1,127,2,2,1,112,2,1,NULL
2,1,127,2,2,1,126,2,1,NULL
2,1,127,2,2,1,128,2,1,NULL
2,1,128,2,2,1,127,2,1,NULL
2,1,128,2,2,1,128,1,1,NULL
2,1,128,2,2,1,112,2,1,NULL
2,1,128,2,2,1,129,2,1,NULL
2,1,216,1,2,1,216,2,1,NULL
2,1,216,1,2,1,220,1,1,NULL
2,1,216,1,2,1,219,1,1,NULL
2,1,216,1,2,1,218,1,0,NULL
2,1,218,2,2,1,216,2,1,NULL
2,1,218,2,2,1,218,1,1,NULL
2,1,218,2,2,1,206,2,1,NULL
2,1,218,2,2,1,207,2,1,NULL
2,1,128,1,2,1,128,2,1,NULL
2,1,128,1,2,1,129,1,0,NULL
2,1,129,2,2,1,128,2,1,NULL
2,1,129,2,2,1,129,1,1,NULL
2,1,129,2,2,1,113,2,1,NULL
2,1,129,2,2,1,130,2,1,NULL
2,1,220,1,2,1,216,1,1,NULL
2,1,220,1,2,1,219,1,0,NULL
2,1,219,1,2,1,220,1,0,NULL
2,1,219,1,2,1,218,1,0,NULL
2,1,219,1,2,1,216,1,1,NULL
2,1,218,1,2,1,219,1,0,NULL
2,1,218,1,2,1,206,2,0,NULL
2,1,218,1,2,1,216,1,0,NULL
2,1,218,1,2,1,218,2,1,NULL
2,1,218,1,2,1,217,1,1,NULL
2,1,206,2,2,1,218,2,1,NULL
2,1,206,2,2,1,218,1,0,NULL
2,1,206,2,2,1,206,1,1,NULL
2,1,206,2,2,1,207,2,1,NULL
2,1,206,2,2,1,137,2,1,NULL
2,1,206,2,2,1,136,2,1,NULL
2,1,207,2,2,1,218,2,1,NULL
2,1,207,2,2,1,206,2,1,NULL
2,1,207,2,2,1,137,2,1,NULL
2,1,207,2,2,1,136,2,1,NULL
2,1,129,1,2,1,129,2,1,NULL
2,1,129,1,2,1,128,1,0,NULL
2,1,129,1,2,1,130,1,0,NULL
2,1,113,2,2,1,129,2,1,NULL
2,1,113,2,2,1,130,2,1,NULL
2,1,113,2,2,1,131,2,1,NULL
2,1,130,2,2,1,113,2,1,NULL
2,1,130,2,2,1,129,2,1,NULL
2,1,130,2,2,1,131,2,1,NULL
2,1,130,2,2,1,130,1,1,NULL
2,1,217,1,2,1,218,1,1,NULL
2,1,217,1,2,1,206,1,0,NULL
2,1,206,1,2,1,217,1,0,NULL
2,1,206,1,2,1,206,2,1,NULL
2,1,137,2,2,1,136,2,1,NULL
2,1,137,2,2,1,207,2,1,NULL
2,1,137,2,2,1,206,2,1,NULL
2,1,137,2,2,1,135,2,1,NULL
2,1,136,2,2,1,137,2,1,NULL
2,1,136,2,2,1,135,1,0,NULL
2,1,136,2,2,1,136,1,1,NULL
2,1,136,2,2,1,207,2,1,NULL
2,1,136,2,2,1,206,2,1,NULL
2,1,136,2,2,1,135,2,1,NULL
2,1,130,1,2,1,129,1,0,NULL
2,1,130,1,2,1,131,1,0,NULL
2,1,130,1,2,1,130,2,1,NULL
2,1,131,2,2,1,131,1,1,NULL
2,1,131,2,2,1,130,2,1,NULL
2,1,131,2,2,1,113,2,1,NULL
2,1,131,2,2,1,114,2,1,NULL
2,1,131,2,2,1,132,2,1,NULL
2,1,135,2,2,1,136,2,1,NULL
2,1,135,2,2,1,137,2,1,NULL
2,1,135,2,2,1,135,1,1,NULL
2,1,135,2,2,1,134,2,1,NULL
2,1,136,1,2,1,136,2,1,NULL
2,1,136,1,2,1,135,1,0,NULL
2,1,131,1,2,1,131,2,1,NULL
2,1,131,1,2,1,130,1,0,NULL
2,1,131,1,2,1,132,2,0,NULL
2,1,131,1,2,1,133,2,0,NULL
2,1,114,2,2,1,131,2,1,NULL
2,1,114,2,2,1,132,2,1,NULL
2,1,114,2,2,1,114,1,1,NULL
2,1,132,2,2,1,114,2,1,NULL
2,1,132,2,2,1,133,2,1,NULL
2,1,132,2,2,1,131,2,1,NULL
2,1,132,2,2,1,131,1,0,NULL
2,1,135,1,2,1,135,2,1,NULL
2,1,135,1,2,1,136,1,0,NULL
2,1,135,1,2,1,136,2,0,NULL
2,1,135,1,2,1,134,1,0,NULL
2,1,134,2,2,1,134,1,1,NULL
2,1,134,2,2,1,135,2,1,NULL
2,1,134,2,2,1,133,2,1,NULL
2,1,133,2,2,1,133,1,1,NULL
2,1,133,2,2,1,132,2,1,NULL
2,1,133,2,2,1,134,2,1,NULL
2,1,133,2,2,1,131,1,0,NULL
2,1,114,1,2,1,114,2,1,NULL
2,1,134,1,2,1,133,1,0,NULL
2,1,134,1,2,1,135,1,0,NULL
2,1,134,1,2,1,134,2,1,NULL
2,1,133,1,2,1,133,2,1,NULL
2,1,133,1,2,1,134,1,0,NULL
2,2,143,1,2,2,143,2,1,NULL
2,2,143,1,2,2,144,2,0,NULL
2,2,143,1,2,2,101,1,0,NULL
2,2,143,2,2,2,143,1,1,NULL
2,2,143,2,2,2,144,2,1,NULL
2,2,143,2,2,2,101,2,1,NULL
2,2,143,2,2,2,217,2,1,NULL
2,2,144,2,2,2,143,2,1,NULL
2,2,144,2,2,2,101,2,1,NULL
2,2,144,2,2,2,217,2,1,NULL
2,2,144,2,2,2,143,1,0,NULL
2,2,101,1,2,2,101,2,1,NULL
2,2,101,1,2,2,143,1,0,NULL
2,2,101,2,2,2,101,1,1,NULL
2,2,101,2,2,2,102,1,0,NULL
2,2,101,2,2,2,144,2,1,NULL
2,2,101,2,2,2,143,2,1,NULL
2,2,101,2,2,2,102,2,1,NULL
2,2,217,2,2,2,217,1,1,NULL
2,2,217,2,2,2,201,2,1,NULL
2,2,217,2,2,2,144,2,1,NULL
2,2,217,2,2,2,143,2,1,NULL
2,2,102,2,2,2,101,2,1,NULL
2,2,102,2,2,2,103,2,1,NULL
2,2,102,2,2,2,102,1,1,NULL
2,2,102,2,2,2,118,1,0,NULL
2,2,217,1,2,2,217,2,1,NULL
2,2,201,2,2,2,217,2,1,NULL
2,2,201,2,2,2,202,2,1,NULL
2,2,103,2,2,2,102,2,1,NULL
2,2,103,2,2,2,105,2,1,NULL
2,2,103,2,2,2,104,2,1,NULL
2,2,103,2,2,2,106,2,1,NULL
2,2,103,2,2,2,118,2,1,NULL
2,2,103,2,2,2,118,1,0,NULL
2,2,102,1,2,2,102,2,1,NULL
2,2,102,1,2,2,101,2,0,NULL
2,2,118,1,2,2,118,2,1,NULL
2,2,118,1,2,2,102,2,0,NULL
2,2,118,1,2,2,103,2,0,NULL
2,2,202,2,2,2,201,2,1,NULL
2,2,202,2,2,2,220,2,1,NULL
2,2,105,2,2,2,104,2,1,NULL
2,2,105,2,2,2,105,1,1,NULL
2,2,105,2,2,2,106,2,1,NULL
2,2,105,2,2,2,118,2,1,NULL
2,2,105,2,2,2,103,2,1,NULL
2,2,104,2,2,2,105,2,1,NULL
2,2,104,2,2,2,104,1,1,NULL
2,2,104,2,2,2,105,1,0,NULL
2,2,104,2,2,2,103,2,1,NULL
2,2,106,2,2,2,105,2,1,NULL
2,2,106,2,2,2,103,2,1,NULL
2,2,106,2,2,2,118,2,1,NULL
2,2,106,2,2,2,119,2,1,NULL
2,2,106,2,2,2,120,2,1,NULL
2,2,106,2,2,2,107,2,1,NULL
2,2,118,2,2,2,118,1,1,NULL
2,2,118,2,2,2,103,2,1,NULL
2,2,118,2,2,2,105,2,1,NULL
2,2,118,2,2,2,106,2,1,NULL
2,2,118,2,2,2,119,2,1,NULL
2,2,220,2,2,2,202,2,1,NULL
2,2,220,2,2,2,203,2,1,NULL
2,2,105,1,2,2,105,2,1,NULL
2,2,105,1,2,2,104,1,0,NULL
2,2,105,1,2,2,104,2,0,NULL
2,2,104,1,2,2,104,2,1,NULL
2,2,104,1,2,2,105,1,0,NULL
2,2,119,2,2,2,118,2,1,NULL
2,2,119,2,2,2,106,2,1,NULL
2,2,119,2,2,2,120,2,1,NULL
2,2,119,2,2,2,107,2,1,NULL
2,2,120,2,2,2,119,2,1,NULL
2,2,120,2,2,2,106,2,1,NULL
2,2,120,2,2,2,107,2,1,NULL
2,2,120,2,2,2,121,2,1,NULL
2,2,107,2,2,2,106,2,1,NULL
2,2,107,2,2,2,119,2,1,NULL
2,2,107,2,2,2,120,2,1,NULL
2,2,107,2,2,2,121,2,1,NULL
2,2,107,2,2,2,122,2,1,NULL
2,2,203,2,2,2,220,2,1,NULL
2,2,203,2,2,2,204,2,1,NULL
2,2,121,2,2,2,120,2,1,NULL
2,2,121,2,2,2,107,2,1,NULL
2,2,121,2,2,2,121,1,1,NULL
2,2,121,2,2,2,122,2,1,NULL
2,2,122,2,2,2,122,1,1,NULL
2,2,122,2,2,2,121,2,1,NULL
2,2,122,2,2,2,107,2,1,NULL
2,2,122,2,2,2,123,2,1,NULL
2,2,204,2,2,2,203,2,1,NULL
2,2,204,2,2,2,214,2,1,NULL
2,2,121,1,2,2,121,2,1,NULL
2,2,121,1,2,2,122,1,0,NULL
2,2,122,1,2,2,122,2,1,NULL
2,2,122,1,2,2,121,1,0,NULL
2,2,123,2,2,2,122,2,1,NULL
2,2,123,2,2,2,108,2,1,NULL
2,2,123,2,2,2,124,2,1,NULL
2,2,214,2,2,2,204,2,1,NULL
2,2,214,2,2,2,205,2,1,NULL
2,2,108,2,2,2,123,2,1,NULL
2,2,108,2,2,2,124,2,1,NULL
2,2,108,2,2,2,125,2,1,NULL
2,2,108,2,2,2,126,2,1,NULL
2,2,124,2,2,2,123,2,1,NULL
2,2,124,2,2,2,108,2,1,NULL
2,2,124,2,2,2,125,2,1,NULL
2,2,205,2,2,2,214,2,1,NULL
2,2,205,2,2,2,206,2,1,NULL
2,2,125,2,2,2,124,2,1,NULL
2,2,125,2,2,2,108,2,1,NULL
2,2,125,2,2,2,126,2,1,NULL
2,2,126,2,2,2,125,2,1,NULL
2,2,126,2,2,2,108,2,1,NULL
2,2,126,2,2,2,109,2,1,NULL
2,2,126,2,2,2,127,2,1,NULL
2,2,206,2,2,2,205,2,1,NULL
2,2,206,2,2,2,207,2,1,NULL
2,2,109,2,2,2,126,2,1,NULL
2,2,109,2,2,2,127,2,1,NULL
2,2,109,2,2,2,128,2,1,NULL
2,2,109,2,2,2,110,2,1,NULL
2,2,109,2,2,2,129,2,1,NULL
2,2,127,2,2,2,126,2,1,NULL
2,2,127,2,2,2,109,2,1,NULL
2,2,127,2,2,2,128,2,1,NULL
2,2,207,2,2,2,206,2,1,NULL
2,2,207,2,2,2,208,2,1,NULL
2,2,207,2,2,2,213,2,1,NULL
2,2,207,2,2,2,209,2,1,NULL
2,2,207,2,2,2,210,2,1,NULL
2,2,207,2,2,2,211,2,1,NULL
2,2,128,2,2,2,127,2,1,NULL
2,2,128,2,2,2,109,2,1,NULL
2,2,128,2,2,2,110,2,1,NULL
2,2,128,2,2,2,129,2,1,NULL
2,2,110,2,2,2,109,2,1,NULL
2,2,110,2,2,2,128,2,1,NULL
2,2,110,2,2,2,129,2,1,NULL
2,2,110,2,2,2,130,2,1,NULL
2,2,110,2,2,2,111,2,1,NULL
2,2,129,2,2,2,129,1,1,NULL
2,2,129,2,2,2,128,2,1,NULL
2,2,129,2,2,2,110,2,1,NULL
2,2,129,2,2,2,109,2,1,NULL
2,2,129,2,2,2,111,2,1,NULL
2,2,129,2,2,2,130,2,1,NULL
2,2,208,2,2,2,207,2,1,NULL
2,2,208,2,2,2,213,2,1,NULL
2,2,213,2,2,2,207,2,1,NULL
2,2,213,2,2,2,208,2,1,NULL
2,2,213,2,2,2,209,2,1,NULL
2,2,209,2,2,2,207,2,1,NULL
2,2,209,2,2,2,213,2,1,NULL
2,2,209,2,2,2,210,2,1,NULL
2,2,209,2,2,2,211,2,1,NULL
2,2,210,2,2,2,209,2,1,NULL
2,2,210,2,2,2,207,2,1,NULL
2,2,210,2,2,2,210,1,1,NULL
2,2,210,2,2,2,211,2,1,NULL
2,2,210,2,2,2,140,2,1,NULL
2,2,210,2,2,2,139,2,1,NULL
2,2,211,2,2,2,210,2,1,NULL
2,2,211,2,2,2,209,2,1,NULL
2,2,211,2,2,2,207,2,1,NULL
2,2,211,2,2,2,140,2,1,NULL
2,2,211,2,2,2,139,2,1,NULL
2,2,130,2,2,2,129,2,1,NULL
2,2,130,2,2,2,110,2,1,NULL
2,2,130,2,2,2,111,2,1,NULL
2,2,130,2,2,2,112,2,1,NULL
2,2,130,2,2,2,131,2,1,NULL
2,2,111,2,2,2,110,2,1,NULL
2,2,111,2,2,2,129,2,1,NULL
2,2,111,2,2,2,130,2,1,NULL
2,2,111,2,2,2,112,2,1,NULL
2,2,111,2,2,2,131,2,1,NULL
2,2,129,1,2,2,129,2,1,NULL
2,2,210,1,2,2,210,2,1,NULL
2,2,140,2,2,2,139,2,1,NULL
2,2,140,2,2,2,137,2,1,NULL
2,2,140,2,2,2,211,2,1,NULL
2,2,140,2,2,2,210,2,1,NULL
2,2,139,2,2,2,140,2,1,NULL
2,2,139,2,2,2,139,1,1,NULL
2,2,139,2,2,2,137,2,1,NULL
2,2,139,2,2,2,211,2,1,NULL
2,2,139,2,2,2,210,2,1,NULL
2,2,139,2,2,2,138,2,1,NULL
2,2,112,2,2,2,111,2,1,NULL
2,2,112,2,2,2,130,2,1,NULL
2,2,112,2,2,2,131,2,1,NULL
2,2,112,2,2,2,132,2,1,NULL
2,2,112,2,2,2,113,2,1,NULL
2,2,131,2,2,2,130,2,1,NULL
2,2,131,2,2,2,111,2,1,NULL
2,2,131,2,2,2,112,2,1,NULL
2,2,131,2,2,2,113,2,1,NULL
2,2,131,2,2,2,132,2,1,NULL
2,2,137,2,2,2,137,1,1,NULL
2,2,137,2,2,2,136,2,1,NULL
2,2,137,2,2,2,139,2,1,NULL
2,2,137,2,2,2,140,2,1,NULL
2,2,137,2,2,2,138,2,1,NULL
2,2,139,1,2,2,139,2,1,NULL
2,2,139,1,2,2,138,1,0,NULL
2,2,138,2,2,2,139,2,1,NULL
2,2,138,2,2,2,138,1,1,NULL
2,2,138,2,2,2,137,2,1,NULL
2,2,138,2,2,2,137,1,0,NULL
2,2,132,2,2,2,132,1,1,NULL
2,2,132,2,2,2,131,2,1,NULL
2,2,132,2,2,2,112,2,1,NULL
2,2,132,2,2,2,113,2,1,NULL
2,2,132,2,2,2,114,2,1,NULL
2,2,132,2,2,2,133,2,1,NULL
2,2,113,2,2,2,112,2,1,NULL
2,2,113,2,2,2,131,2,1,NULL
2,2,113,2,2,2,132,2,1,NULL
2,2,113,2,2,2,114,2,1,NULL
2,2,113,2,2,2,133,2,1,NULL
2,2,137,1,2,2,137,2,1,NULL
2,2,137,1,2,2,136,1,0,NULL
2,2,137,1,2,2,138,1,0,NULL
2,2,137,1,2,2,138,2,0,NULL
2,2,136,2,2,2,137,2,1,NULL
2,2,136,2,2,2,135,2,1,NULL
2,2,136,2,2,2,136,1,1,NULL
2,2,138,1,2,2,138,2,1,NULL
2,2,138,1,2,2,137,1,0,NULL
2,2,138,1,2,2,139,1,0,NULL
2,2,132,1,2,2,132,2,1,NULL
2,2,114,2,2,2,113,2,1,NULL
2,2,114,2,2,2,132,2,1,NULL
2,2,114,2,2,2,133,2,1,NULL
2,2,114,2,2,2,134,2,1,NULL
2,2,114,2,2,2,115,2,1,NULL
2,2,133,2,2,2,132,2,1,NULL
2,2,133,2,2,2,113,2,1,NULL
2,2,133,2,2,2,114,2,1,NULL
2,2,133,2,2,2,115,2,1,NULL
2,2,133,2,2,2,134,2,1,NULL
2,2,136,1,2,2,136,2,1,NULL
2,2,136,1,2,2,137,1,0,NULL
2,2,135,2,2,2,136,2,1,NULL
2,2,135,2,2,2,117,2,1,NULL
2,2,135,2,2,2,116,2,1,NULL
2,2,135,2,2,2,134,2,1,NULL
2,2,135,2,2,2,115,2,1,NULL
2,2,134,2,2,2,133,2,1,NULL
2,2,134,2,2,2,114,2,1,NULL
2,2,134,2,2,2,115,2,1,NULL
2,2,134,2,2,2,116,2,1,NULL
2,2,134,2,2,2,117,2,1,NULL
2,2,134,2,2,2,135,2,1,NULL
2,2,115,2,2,2,114,2,1,NULL
2,2,115,2,2,2,133,2,1,NULL
2,2,115,2,2,2,134,2,1,NULL
2,2,115,2,2,2,135,2,1,NULL
2,2,115,2,2,2,116,2,1,NULL
2,2,117,2,2,2,135,2,1,NULL
2,2,117,2,2,2,116,2,1,NULL
2,2,117,2,2,2,134,2,1,NULL
2,2,116,2,2,2,117,2,1,NULL
2,2,116,2,2,2,135,2,1,NULL
2,2,116,2,2,2,134,2,1,NULL
2,2,116,2,2,2,115,2,1,NULL
2,3,140,1,2,3,140,2,1,NULL
2,3,140,1,2,3,141,2,0,NULL
2,3,140,2,2,3,140,1,1,NULL
2,3,140,2,2,3,141,2,1,NULL
2,3,140,2,2,3,101,2,1,NULL
2,3,140,2,2,3,254,2,1,NULL
2,3,140,2,2,3,253,2,1,NULL
2,3,141,2,2,3,140,2,1,NULL
2,3,141,2,2,3,101,2,1,NULL
2,3,141,2,2,3,254,2,1,NULL
2,3,141,2,2,3,253,2,1,NULL
2,3,141,2,2,3,140,1,0,NULL
2,3,140,2,2,3,101,1,0,NULL
2,3,101,2,2,3,101,1,1,NULL
2,3,101,2,2,3,143,2,1,NULL
2,3,101,2,2,3,140,2,1,NULL
2,3,101,2,2,3,141,2,1,NULL
2,3,254,2,2,3,141,2,1,NULL
2,3,254,2,2,3,140,2,1,NULL
2,3,254,2,2,3,253,2,1,NULL
2,3,254,2,2,3,253,1,0,NULL
2,3,254,2,2,3,201,2,1,NULL
2,3,253,2,2,3,254,2,1,NULL
2,3,253,2,2,3,141,2,1,NULL
2,3,253,2,2,3,140,2,1,NULL
2,3,253,2,2,3,253,1,1,NULL
2,3,253,2,2,3,201,2,1,NULL
2,3,101,1,2,3,101,2,1,NULL
2,3,101,1,2,3,140,2,0,NULL
2,3,143,2,2,3,102,2,1,NULL
2,3,143,2,2,3,101,2,1,NULL
2,3,253,1,2,3,253,2,1,NULL
2,3,253,1,2,3,254,2,0,NULL
2,3,253,2,2,3,201,1,0,NULL
2,3,201,2,2,3,201,1,1,NULL
2,3,201,2,2,3,253,2,1,NULL
2,3,201,2,2,3,254,2,1,NULL
2,3,201,2,2,3,203,2,1,NULL
2,3,102,2,2,3,102,1,1,NULL
2,3,102,2,2,3,143,2,1,NULL
2,3,102,2,2,3,103,2,1,NULL
2,3,201,1,2,3,201,2,1,NULL
2,3,201,1,2,3,253,2,0,NULL
2,3,201,1,2,3,202,2,1,NULL
2,3,203,2,2,3,203,1,1,NULL
2,3,203,2,2,3,201,2,1,NULL
2,3,203,2,2,3,204,2,1,NULL
2,3,203,2,2,3,207,2,1,NULL
2,3,203,2,2,3,208,2,1,NULL
2,3,102,1,2,3,102,2,1,NULL
2,3,103,2,2,3,102,2,1,NULL
2,3,103,2,2,3,111,2,1,NULL
2,3,103,2,2,3,107,2,1,NULL
2,3,103,2,2,3,104,2,1,NULL
2,3,202,2,2,3,201,1,1,NULL
2,3,203,1,2,3,203,2,1,NULL
2,3,204,2,2,3,205,2,1,NULL
2,3,204,2,2,3,203,2,1,NULL
2,3,207,2,2,3,203,2,1,NULL
2,3,207,2,2,3,208,2,1,NULL
2,3,207,2,2,3,210,2,1,NULL
2,3,207,2,2,3,209,2,1,NULL
2,3,208,2,2,3,203,2,1,NULL
2,3,208,2,2,3,207,2,1,NULL
2,3,208,2,2,3,209,2,1,NULL
2,3,208,2,2,3,210,2,1,NULL
2,3,111,2,2,3,103,2,1,NULL
2,3,111,2,2,3,104,2,1,NULL
2,3,111,2,2,3,107,2,1,NULL
2,3,111,2,2,3,112,2,1,NULL
2,3,107,2,2,3,104,2,1,NULL
2,3,107,2,2,3,103,2,1,NULL
2,3,107,2,2,3,111,2,1,NULL
2,3,107,2,2,3,112,2,1,NULL
2,3,107,2,2,3,108,2,1,NULL
2,3,107,2,2,3,113,2,1,NULL
2,3,104,2,2,3,105,2,1,NULL
2,3,104,2,2,3,103,2,1,NULL
2,3,104,2,2,3,111,2,1,NULL
2,3,104,2,2,3,107,2,1,NULL
2,3,205,2,2,3,204,2,1,NULL
2,3,205,2,2,3,206,2,1,NULL
2,3,210,2,2,3,208,2,1,NULL
2,3,210,2,2,3,207,2,1,NULL
2,3,210,2,2,3,209,2,1,NULL
2,3,210,2,2,3,211,2,1,NULL
2,3,210,2,2,3,212,2,1,NULL
2,3,209,2,2,3,207,2,1,NULL
2,3,209,2,2,3,208,2,1,NULL
2,3,209,2,2,3,210,2,1,NULL
2,3,209,2,2,3,212,2,1,NULL
2,3,209,2,2,3,211,2,1,NULL
2,3,112,2,2,3,111,2,1,NULL
2,3,112,2,2,3,107,2,1,NULL
2,3,112,2,2,3,108,2,1,NULL
2,3,112,2,2,3,113,2,1,NULL
2,3,108,2,2,3,107,2,1,NULL
2,3,108,2,2,3,112,2,1,NULL
2,3,108,2,2,3,113,2,1,NULL
2,3,108,2,2,3,114,2,1,NULL
2,3,108,2,2,3,115,2,1,NULL
2,3,108,2,2,3,109,2,1,NULL
2,3,113,2,2,3,112,2,1,NULL
2,3,113,2,2,3,107,2,1,NULL
2,3,113,2,2,3,108,2,1,NULL
2,3,113,2,2,3,114,2,1,NULL
2,3,105,2,2,3,104,2,1,NULL
2,3,105,2,2,3,106,2,1,NULL
2,3,206,2,2,3,205,2,1,NULL
2,3,211,2,2,3,209,2,1,NULL
2,3,211,2,2,3,210,2,1,NULL
2,3,211,2,2,3,212,2,1,NULL
2,3,211,2,2,3,213,2,1,NULL
2,3,211,2,2,3,214,2,1,NULL
2,3,212,2,2,3,209,2,1,NULL
2,3,212,2,2,3,210,2,1,NULL
2,3,212,2,2,3,211,2,1,NULL
2,3,212,2,2,3,213,2,1,NULL
2,3,212,2,2,3,214,2,1,NULL
2,3,114,2,2,3,113,2,1,NULL
2,3,114,2,2,3,108,2,1,NULL
2,3,114,2,2,3,109,2,1,NULL
2,3,114,2,2,3,115,2,1,NULL
2,3,115,2,2,3,114,2,1,NULL
2,3,115,2,2,3,108,2,1,NULL
2,3,115,2,2,3,109,2,1,NULL
2,3,115,2,2,3,116,2,1,NULL
2,3,109,2,2,3,114,2,1,NULL
2,3,109,2,2,3,108,2,1,NULL
2,3,109,2,2,3,115,2,1,NULL
2,3,109,2,2,3,116,2,1,NULL
2,3,109,2,2,3,110,2,1,NULL
2,3,109,2,2,3,117,2,1,NULL
2,3,106,2,2,3,105,2,1,NULL
2,3,106,2,2,3,106,1,1,NULL
2,3,106,1,2,3,106,2,1,NULL
2,3,213,2,2,3,211,2,1,NULL
2,3,213,2,2,3,212,2,1,NULL
2,3,213,2,2,3,214,2,1,NULL
2,3,213,2,2,3,216,2,1,NULL
2,3,213,2,2,3,215,2,1,NULL
2,3,214,2,2,3,214,1,1,NULL
2,3,214,2,2,3,212,2,1,NULL
2,3,214,2,2,3,213,2,1,NULL
2,3,214,2,2,3,211,2,1,NULL
2,3,214,2,2,3,215,2,1,NULL
2,3,214,2,2,3,216,2,1,NULL
2,3,116,2,2,3,115,2,1,NULL
2,3,116,2,2,3,109,2,1,NULL
2,3,116,2,2,3,110,2,1,NULL
2,3,116,2,2,3,117,2,1,NULL
2,3,110,2,2,3,109,2,1,NULL
2,3,110,2,2,3,116,2,1,NULL
2,3,110,2,2,3,117,2,1,NULL
2,3,110,2,2,3,118,2,1,NULL
2,3,110,2,2,3,119,2,1,NULL
2,3,117,2,2,3,116,2,1,NULL
2,3,117,2,2,3,109,2,1,NULL
2,3,117,2,2,3,110,2,1,NULL
2,3,117,2,2,3,118,2,1,NULL
2,3,216,2,2,3,216,1,1,NULL
2,3,216,2,2,3,214,2,1,NULL
2,3,216,2,2,3,213,2,1,NULL
2,3,216,2,2,3,215,2,1,NULL
2,3,216,2,2,3,217,2,1,NULL
2,3,216,2,2,3,218,2,1,NULL
2,3,215,2,2,3,215,1,1,NULL
2,3,215,2,2,3,213,2,1,NULL
2,3,215,2,2,3,214,2,1,NULL
2,3,215,2,2,3,216,2,1,NULL
2,3,215,2,2,3,218,2,1,NULL
2,3,215,2,2,3,217,2,1,NULL
2,3,214,1,2,3,214,2,1,NULL
2,3,214,1,2,3,216,1,0,NULL
2,3,118,2,2,3,117,2,1,NULL
2,3,118,2,2,3,110,2,1,NULL
2,3,118,2,2,3,119,2,1,NULL
2,3,119,2,2,3,118,2,1,NULL
2,3,119,2,2,3,110,2,1,NULL
2,3,119,2,2,3,128,2,1,NULL
2,3,119,2,2,3,120,2,1,NULL
2,3,217,2,2,3,215,2,1,NULL
2,3,217,2,2,3,216,2,1,NULL
2,3,217,2,2,3,218,2,1,NULL
2,3,217,2,2,3,220,2,1,NULL
2,3,217,2,2,3,219,2,1,NULL
2,3,218,2,2,3,216,2,1,NULL
2,3,218,2,2,3,215,2,1,NULL
2,3,218,2,2,3,217,2,1,NULL
2,3,218,2,2,3,219,2,1,NULL
2,3,218,2,2,3,220,2,1,NULL
2,3,215,1,2,3,215,2,1,NULL
2,3,216,1,2,3,216,2,1,NULL
2,3,216,1,2,3,214,1,0,NULL
2,3,128,2,2,3,119,2,1,NULL
2,3,128,2,2,3,120,2,1,NULL
2,3,128,2,2,3,121,2,1,NULL
2,3,128,2,2,3,122,2,1,NULL
2,3,128,2,2,3,129,2,1,NULL
2,3,120,2,2,3,119,2,1,NULL
2,3,120,2,2,3,128,2,1,NULL
2,3,120,2,2,3,121,2,1,NULL
2,3,220,2,2,3,218,2,1,NULL
2,3,220,2,2,3,217,2,1,NULL
2,3,220,2,2,3,219,2,1,NULL
2,3,220,2,2,3,221,2,1,NULL
2,3,220,2,2,3,222,2,1,NULL
2,3,219,2,2,3,217,2,1,NULL
2,3,219,2,2,3,218,2,1,NULL
2,3,219,2,2,3,220,2,1,NULL
2,3,219,2,2,3,222,2,1,NULL
2,3,219,2,2,3,221,2,1,NULL
2,3,121,2,2,3,120,2,1,NULL
2,3,121,2,2,3,128,2,1,NULL
2,3,121,2,2,3,129,2,1,NULL
2,3,121,2,2,3,122,2,1,NULL
2,3,122,2,2,3,121,2,1,NULL
2,3,122,2,2,3,128,2,1,NULL
2,3,122,2,2,3,129,2,1,NULL
2,3,122,2,2,3,123,2,1,NULL
2,3,129,2,2,3,128,2,1,NULL
2,3,129,2,2,3,121,2,1,NULL
2,3,129,2,2,3,122,2,1,NULL
2,3,129,2,2,3,123,2,1,NULL
2,3,129,2,2,3,124,2,1,NULL
2,3,221,2,2,3,219,2,1,NULL
2,3,221,2,2,3,220,2,1,NULL
2,3,221,2,2,3,222,2,1,NULL
2,3,221,2,2,3,250,2,1,NULL
2,3,221,2,2,3,223,2,1,NULL
2,3,222,2,2,3,220,2,1,NULL
2,3,222,2,2,3,219,2,1,NULL
2,3,222,2,2,3,221,2,1,NULL
2,3,222,2,2,3,223,2,1,NULL
2,3,222,2,2,3,250,2,1,NULL
2,3,123,2,2,3,122,2,1,NULL
2,3,123,2,2,3,129,2,1,NULL
2,3,123,2,2,3,124,2,1,NULL
2,3,124,2,2,3,123,2,1,NULL
2,3,124,2,2,3,129,2,1,NULL
2,3,124,2,2,3,125,2,1,NULL
2,3,250,2,2,3,222,2,1,NULL
2,3,250,2,2,3,221,2,1,NULL
2,3,250,2,2,3,223,2,1,NULL
2,3,250,2,2,3,225,2,1,NULL
2,3,250,2,2,3,224,2,1,NULL
2,3,223,2,2,3,223,1,1,NULL
2,3,223,2,2,3,221,2,1,NULL
2,3,223,2,2,3,222,2,1,NULL
2,3,223,2,2,3,250,2,1,NULL
2,3,223,2,2,3,224,2,1,NULL
2,3,223,2,2,3,225,2,1,NULL
2,3,125,2,2,3,125,1,1,NULL
2,3,125,2,2,3,124,2,1,NULL
2,3,125,2,2,3,130,2,1,NULL
2,3,125,2,2,3,126,2,1,NULL
2,3,225,2,2,3,223,2,1,NULL
2,3,225,2,2,3,250,2,1,NULL
2,3,225,2,2,3,224,2,1,NULL
2,3,225,2,2,3,226,2,1,NULL
2,3,225,2,2,3,227,2,1,NULL
2,3,224,2,2,3,250,2,1,NULL
2,3,224,2,2,3,223,2,1,NULL
2,3,224,2,2,3,225,2,1,NULL
2,3,224,2,2,3,227,2,1,NULL
2,3,224,2,2,3,226,2,1,NULL
2,3,223,1,2,3,223,2,1,NULL
2,3,125,1,2,3,125,2,1,NULL
2,3,125,1,2,3,126,1,0,NULL
2,3,130,2,2,3,125,2,1,NULL
2,3,130,2,2,3,126,2,1,NULL
2,3,130,2,2,3,127,2,1,NULL
2,3,130,2,2,3,131,2,1,NULL
2,3,126,2,2,3,126,1,1,NULL
2,3,126,2,2,3,125,2,1,NULL
2,3,126,2,2,3,130,2,1,NULL
2,3,126,2,2,3,127,2,1,NULL
2,3,226,2,2,3,224,2,1,NULL
2,3,226,2,2,3,225,2,1,NULL
2,3,226,2,2,3,227,2,1,NULL
2,3,226,2,2,3,229,2,1,NULL
2,3,226,2,2,3,228,2,1,NULL
2,3,227,2,2,3,226,2,1,NULL
2,3,227,2,2,3,224,2,1,NULL
2,3,227,2,2,3,225,2,1,NULL
2,3,227,2,2,3,229,2,1,NULL
2,3,227,2,2,3,228,2,1,NULL
2,3,126,1,2,3,126,2,1,NULL
2,3,126,1,2,3,125,1,0,NULL
2,3,127,2,2,3,126,2,1,NULL
2,3,127,2,2,3,130,2,1,NULL
2,3,127,2,2,3,131,2,1,NULL
2,3,127,2,2,3,132,2,1,NULL
2,3,131,2,2,3,130,2,1,NULL
2,3,131,2,2,3,127,2,1,NULL
2,3,131,2,2,3,132,2,1,NULL
2,3,229,2,2,3,227,2,1,NULL
2,3,229,2,2,3,226,2,1,NULL
2,3,229,2,2,3,228,2,1,NULL
2,3,229,2,2,3,230,2,1,NULL
2,3,229,2,2,3,231,2,1,NULL
2,3,228,2,2,3,229,2,1,NULL
2,3,228,2,2,3,227,2,1,NULL
2,3,228,2,2,3,226,2,1,NULL
2,3,228,2,2,3,231,2,1,NULL
2,3,228,2,2,3,230,2,1,NULL
2,3,132,2,2,3,131,2,1,NULL
2,3,132,2,2,3,127,2,1,NULL
2,3,132,2,2,3,133,2,1,NULL
2,3,230,2,2,3,230,1,1,NULL
2,3,230,2,2,3,228,2,1,NULL
2,3,230,2,2,3,229,2,1,NULL
2,3,230,2,2,3,231,2,1,NULL
2,3,230,2,2,3,233,2,1,NULL
2,3,230,2,2,3,232,2,1,NULL
2,3,231,2,2,3,229,2,1,NULL
2,3,231,2,2,3,228,2,1,NULL
2,3,231,2,2,3,230,2,1,NULL
2,3,231,2,2,3,232,2,1,NULL
2,3,231,2,2,3,233,2,1,NULL
2,3,133,2,2,3,132,2,1,NULL
2,3,133,2,2,3,134,2,1,NULL
2,3,230,1,2,3,230,2,1,NULL
2,3,233,2,2,3,231,2,1,NULL
2,3,233,2,2,3,230,2,1,NULL
2,3,233,2,2,3,232,2,1,NULL
2,3,233,2,2,3,234,2,1,NULL
2,3,233,2,2,3,235,2,1,NULL
2,3,232,2,2,3,230,2,1,NULL
2,3,232,2,2,3,231,2,1,NULL
2,3,232,2,2,3,233,2,1,NULL
2,3,232,2,2,3,235,2,1,NULL
2,3,232,2,2,3,234,2,1,NULL
2,3,134,2,2,3,133,2,1,NULL
2,3,134,2,2,3,135,2,1,NULL
2,3,234,2,2,3,232,2,1,NULL
2,3,234,2,2,3,233,2,1,NULL
2,3,234,2,2,3,235,2,1,NULL
2,3,234,2,2,3,236,2,1,NULL
2,3,234,2,2,3,237,2,1,NULL
2,3,235,2,2,3,233,2,1,NULL
2,3,235,2,2,3,232,2,1,NULL
2,3,235,2,2,3,234,2,1,NULL
2,3,235,2,2,3,236,2,1,NULL
2,3,235,2,2,3,237,2,1,NULL
2,3,135,2,2,3,134,2,1,NULL
2,3,135,2,2,3,136,2,1,NULL
2,3,135,2,2,3,137,2,1,NULL
2,3,236,2,2,3,236,1,1,NULL
2,3,236,2,2,3,234,2,1,NULL
2,3,236,2,2,3,235,2,1,NULL
2,3,236,2,2,3,237,2,1,NULL
2,3,236,2,2,3,239,2,1,NULL
2,3,236,2,2,3,238,2,1,NULL
2,3,237,2,2,3,236,2,1,NULL
2,3,237,2,2,3,234,2,1,NULL
2,3,237,2,2,3,235,2,1,NULL
2,3,237,2,2,3,238,2,1,NULL
2,3,237,2,2,3,239,2,1,NULL
2,3,136,2,2,3,136,1,1,NULL
2,3,136,2,2,3,137,2,1,NULL
2,3,136,2,2,3,248,2,1,NULL
2,3,136,2,2,3,247,2,1,NULL
2,3,136,2,2,3,135,2,1,NULL
2,3,137,2,2,3,136,2,1,NULL
2,3,137,2,2,3,135,2,1,NULL
2,3,137,2,2,3,248,2,1,NULL
2,3,137,2,2,3,247,2,1,NULL
2,3,236,1,2,3,236,2,1,NULL
2,3,239,2,2,3,237,2,1,NULL
2,3,239,2,2,3,236,2,1,NULL
2,3,239,2,2,3,238,2,1,NULL
2,3,239,2,2,3,243,2,1,NULL
2,3,239,2,2,3,242,2,1,NULL
2,3,238,2,2,3,236,2,1,NULL
2,3,238,2,2,3,237,2,1,NULL
2,3,238,2,2,3,239,2,1,NULL
2,3,238,2,2,3,243,2,1,NULL
2,3,238,2,2,3,242,2,1,NULL
2,3,136,1,2,3,136,2,1,NULL
2,3,248,2,2,3,137,2,1,NULL
2,3,248,2,2,3,136,2,1,NULL
2,3,248,2,2,3,247,2,1,NULL
2,3,248,2,2,3,246,2,1,NULL
2,3,247,2,2,3,247,1,1,NULL
2,3,247,2,2,3,248,2,1,NULL
2,3,247,2,2,3,137,2,1,NULL
2,3,247,2,2,3,136,2,1,NULL
2,3,247,2,2,3,246,2,1,NULL
2,3,243,2,2,3,244,2,1,NULL
2,3,243,2,2,3,239,2,1,NULL
2,3,243,2,2,3,238,2,1,NULL
2,3,243,2,2,3,242,2,1,NULL
2,3,243,2,2,3,243,1,1,NULL
2,3,242,2,2,3,238,2,1,NULL
2,3,242,2,2,3,239,2,1,NULL
2,3,242,2,2,3,243,2,1,NULL
2,3,242,2,2,3,242,1,1,NULL
2,3,242,2,2,3,241,2,1,NULL
2,3,246,2,2,3,247,2,1,NULL
2,3,246,2,2,3,248,2,1,NULL
2,3,246,2,2,3,245,2,1,NULL
2,3,247,1,2,3,247,2,1,NULL
2,3,244,2,2,3,243,2,1,NULL
2,3,244,2,2,3,245,2,1,NULL
2,3,243,1,2,3,243,2,1,NULL
2,3,243,1,2,3,242,1,0,NULL
2,3,242,1,2,3,242,2,1,NULL
2,3,242,1,2,3,243,1,0,NULL
2,3,241,2,2,3,242,2,1,NULL
2,3,241,2,2,3,240,2,1,NULL
2,3,245,2,2,3,246,2,1,NULL
2,3,245,2,2,3,244,2,1,NULL
2,3,240,2,2,3,241,2,1,NULL
2,4,201,2,2,4,202,2,1,NULL
2,4,201,2,2,4,147,2,1,NULL
2,4,201,2,2,4,146,2,1,NULL
2,4,202,2,2,4,201,2,1,NULL
2,4,202,2,2,4,203,2,1,NULL
2,4,147,2,2,4,146,2,1,NULL
2,4,147,2,2,4,101,2,1,NULL
2,4,147,2,2,4,201,2,1,NULL
2,4,146,2,2,4,147,2,1,NULL
2,4,146,2,2,4,101,2,1,NULL
2,4,146,2,2,4,201,2,1,NULL
2,4,203,2,2,4,202,2,1,NULL
2,4,203,2,2,4,204,2,1,NULL
2,4,203,2,2,4,207,2,1,NULL
2,4,203,2,2,4,208,2,1,NULL
2,4,101,2,2,4,146,2,1,NULL
2,4,101,2,2,4,147,2,1,NULL
2,4,101,2,2,4,102,2,1,NULL
2,4,204,2,2,4,203,2,1,NULL
2,4,204,2,2,4,205,2,1,NULL
2,4,204,2,2,4,207,2,1,NULL
2,4,204,2,2,4,208,2,1,NULL
2,4,207,2,2,4,203,2,1,NULL
2,4,207,2,2,4,204,2,1,NULL
2,4,207,2,2,4,208,2,1,NULL
2,4,207,2,2,4,209,2,1,NULL
2,4,207,2,2,4,210,2,1,NULL
2,4,208,2,2,4,204,2,1,NULL
2,4,208,2,2,4,203,2,1,NULL
2,4,208,2,2,4,207,2,1,NULL
2,4,208,2,2,4,209,2,1,NULL
2,4,208,2,2,4,210,2,1,NULL
2,4,102,2,2,4,101,2,1,NULL
2,4,102,2,2,4,103,2,1,NULL
2,4,205,2,2,4,204,2,1,NULL
2,4,205,2,2,4,206,2,1,NULL
2,4,209,2,2,4,207,2,1,NULL
2,4,209,2,2,4,208,2,1,NULL
2,4,209,2,2,4,210,2,1,NULL
2,4,209,2,2,4,212,2,1,NULL
2,4,209,2,2,4,211,2,1,NULL
2,4,210,2,2,4,208,2,1,NULL
2,4,210,2,2,4,207,2,1,NULL
2,4,210,2,2,4,209,2,1,NULL
2,4,210,2,2,4,211,2,1,NULL
2,4,210,2,2,4,212,2,1,NULL
2,4,103,2,2,4,102,2,1,NULL
2,4,103,2,2,4,104,2,1,NULL
2,4,206,2,2,4,205,2,1,NULL
2,4,212,2,2,4,210,2,1,NULL
2,4,212,2,2,4,209,2,1,NULL
2,4,212,2,2,4,211,2,1,NULL
2,4,212,2,2,4,213,2,1,NULL
2,4,212,2,2,4,214,2,1,NULL
2,4,211,2,2,4,212,2,1,NULL
2,4,211,2,2,4,210,2,1,NULL
2,4,211,2,2,4,209,2,1,NULL
2,4,211,2,2,4,213,2,1,NULL
2,4,211,2,2,4,214,2,1,NULL
2,4,104,2,2,4,103,2,1,NULL
2,4,104,2,2,4,105,2,1,NULL
2,4,104,2,2,4,106,2,1,NULL
2,4,104,2,2,4,107,2,1,NULL
2,4,104,2,2,4,124,2,1,NULL
2,4,213,2,2,4,211,2,1,NULL
2,4,213,2,2,4,212,2,1,NULL
2,4,213,2,2,4,214,2,1,NULL
2,4,213,2,2,4,216,2,1,NULL
2,4,213,2,2,4,215,2,1,NULL
2,4,214,2,2,4,212,2,1,NULL
2,4,214,2,2,4,211,2,1,NULL
2,4,214,2,2,4,213,2,1,NULL
2,4,214,2,2,4,215,2,1,NULL
2,4,214,2,2,4,216,2,1,NULL
2,4,105,2,2,4,104,2,1,NULL
2,4,105,2,2,4,106,2,1,NULL
2,4,106,2,2,4,105,2,1,NULL
2,4,106,2,2,4,104,2,1,NULL
2,4,106,2,2,4,107,2,1,NULL
2,4,106,2,2,4,124,2,1,NULL
2,4,107,2,2,4,106,2,1,NULL
2,4,107,2,2,4,108,2,1,NULL
2,4,107,2,2,4,124,2,1,NULL
2,4,107,2,2,4,125,2,1,NULL
2,4,107,2,2,4,104,2,1,NULL
2,4,124,2,2,4,104,2,1,NULL
2,4,124,2,2,4,106,2,1,NULL
2,4,124,2,2,4,107,2,1,NULL
2,4,124,2,2,4,108,2,1,NULL
2,4,124,2,2,4,125,2,1,NULL
2,4,216,2,2,4,214,2,1,NULL
2,4,216,2,2,4,213,2,1,NULL
2,4,216,2,2,4,215,2,1,NULL
2,4,216,2,2,4,217,2,1,NULL
2,4,216,2,2,4,218,2,1,NULL
2,4,215,2,2,4,213,2,1,NULL
2,4,215,2,2,4,214,2,1,NULL
2,4,215,2,2,4,216,2,1,NULL
2,4,215,2,2,4,218,2,1,NULL
2,4,215,2,2,4,217,2,1,NULL
2,4,108,2,2,4,107,2,1,NULL
2,4,108,2,2,4,124,2,1,NULL
2,4,108,2,2,4,125,2,1,NULL
2,4,108,2,2,4,109,2,1,NULL
2,4,108,2,2,4,126,2,1,NULL
2,4,125,2,2,4,124,2,1,NULL
2,4,125,2,2,4,107,2,1,NULL
2,4,125,2,2,4,108,2,1,NULL
2,4,125,2,2,4,109,2,1,NULL
2,4,125,2,2,4,126,2,1,NULL
2,4,217,2,2,4,215,2,1,NULL
2,4,217,2,2,4,216,2,1,NULL
2,4,217,2,2,4,218,2,1,NULL
2,4,217,2,2,4,220,2,1,NULL
2,4,217,2,2,4,219,2,1,NULL
2,4,218,2,2,4,216,2,1,NULL
2,4,218,2,2,4,215,2,1,NULL
2,4,218,2,2,4,217,2,1,NULL
2,4,218,2,2,4,219,2,1,NULL
2,4,218,2,2,4,220,2,1,NULL
2,4,109,2,2,4,108,2,1,NULL
2,4,109,2,2,4,125,2,1,NULL
2,4,109,2,2,4,110,2,1,NULL
2,4,109,2,2,4,126,2,1,NULL
2,4,109,2,2,4,127,2,1,NULL
2,4,126,2,2,4,125,2,1,NULL
2,4,126,2,2,4,108,2,1,NULL
2,4,126,2,2,4,109,2,1,NULL
2,4,126,2,2,4,110,2,1,NULL
2,4,126,2,2,4,127,2,1,NULL
2,4,220,2,2,4,218,2,1,NULL
2,4,220,2,2,4,217,2,1,NULL
2,4,220,2,2,4,219,2,1,NULL
2,4,219,2,2,4,217,2,1,NULL
2,4,219,2,2,4,218,2,1,NULL
2,4,219,2,2,4,220,2,1,NULL
2,4,110,2,2,4,109,2,1,NULL
2,4,110,2,2,4,126,2,1,NULL
2,4,110,2,2,4,127,2,1,NULL
2,4,110,2,2,4,128,2,1,NULL
2,4,110,2,2,4,111,2,1,NULL
2,4,127,2,2,4,126,2,1,NULL
2,4,127,2,2,4,109,2,1,NULL
2,4,127,2,2,4,110,2,1,NULL
2,4,127,2,2,4,111,2,1,NULL
2,4,127,2,2,4,128,2,1,NULL
2,4,128,2,2,4,127,2,1,NULL
2,4,128,2,2,4,110,2,1,NULL
2,4,128,2,2,4,111,2,1,NULL
2,4,128,2,2,4,112,2,1,NULL
2,4,128,2,2,4,129,2,1,NULL
2,4,111,2,2,4,110,2,1,NULL
2,4,111,2,2,4,127,2,1,NULL
2,4,111,2,2,4,128,2,1,NULL
2,4,111,2,2,4,129,2,1,NULL
2,4,111,2,2,4,112,2,1,NULL
2,4,112,2,2,4,111,2,1,NULL
2,4,112,2,2,4,128,2,1,NULL
2,4,112,2,2,4,129,2,1,NULL
2,4,112,2,2,4,113,2,1,NULL
2,4,112,2,2,4,130,2,1,NULL
2,4,129,2,2,4,129,1,1,NULL
2,4,129,2,2,4,128,2,1,NULL
2,4,129,2,2,4,111,2,1,NULL
2,4,129,2,2,4,112,2,1,NULL
2,4,129,2,2,4,113,2,1,NULL
2,4,129,2,2,4,130,2,1,NULL
2,4,113,2,2,4,112,2,1,NULL
2,4,113,2,2,4,129,2,1,NULL
2,4,113,2,2,4,130,2,1,NULL
2,4,113,2,2,4,131,2,1,NULL
2,4,113,2,2,4,114,2,1,NULL
2,4,130,2,2,4,129,2,1,NULL
2,4,130,2,2,4,112,2,1,NULL
2,4,130,2,2,4,113,2,1,NULL
2,4,130,2,2,4,114,2,1,NULL
2,4,130,2,2,4,131,2,1,NULL
2,4,129,1,2,4,129,2,1,NULL
2,4,131,2,2,4,130,2,1,NULL
2,4,131,2,2,4,113,2,1,NULL
2,4,131,2,2,4,114,2,1,NULL
2,4,131,2,2,4,132,2,1,NULL
2,4,114,2,2,4,113,2,1,NULL
2,4,114,2,2,4,130,2,1,NULL
2,4,114,2,2,4,131,2,1,NULL
2,4,114,2,2,4,132,2,1,NULL
2,4,132,2,2,4,131,2,1,NULL
2,4,132,2,2,4,114,2,1,NULL
2,4,132,2,2,4,115,2,1,NULL
2,4,132,2,2,4,133,2,1,NULL
2,4,115,2,2,4,132,2,1,NULL
2,4,115,2,2,4,133,2,1,NULL
2,4,115,2,2,4,134,2,1,NULL
2,4,115,2,2,4,135,2,1,NULL
2,4,115,2,2,4,116,2,1,NULL
2,4,133,2,2,4,132,2,1,NULL
2,4,133,2,2,4,115,2,1,NULL
2,4,133,2,2,4,134,2,1,NULL
2,4,134,2,2,4,133,2,1,NULL
2,4,134,2,2,4,115,2,1,NULL
2,4,134,2,2,4,135,2,1,NULL
2,4,135,2,2,4,134,2,1,NULL
2,4,135,2,2,4,115,2,1,NULL
2,4,135,2,2,4,116,2,1,NULL
2,4,135,2,2,4,136,2,1,NULL
2,4,116,2,2,4,115,2,1,NULL
2,4,116,2,2,4,135,2,1,NULL
2,4,116,2,2,4,136,2,1,NULL
2,4,116,2,2,4,137,2,1,NULL
2,4,116,2,2,4,117,2,1,NULL
2,4,136,2,2,4,135,2,1,NULL
2,4,136,2,2,4,116,2,1,NULL
2,4,136,2,2,4,137,2,1,NULL
2,4,137,2,2,4,136,2,1,NULL
2,4,137,2,2,4,116,2,1,NULL
2,4,137,2,2,4,117,2,1,NULL
2,4,137,2,2,4,138,2,1,NULL
2,4,117,2,2,4,116,2,1,NULL
2,4,117,2,2,4,137,2,1,NULL
2,4,117,2,2,4,138,2,1,NULL
2,4,117,2,2,4,139,2,1,NULL
2,4,117,2,2,4,118,2,1,NULL
2,4,138,2,2,4,137,2,1,NULL
2,4,138,2,2,4,117,2,1,NULL
2,4,138,2,2,4,139,2,1,NULL
2,4,139,2,2,4,138,2,1,NULL
2,4,139,2,2,4,117,2,1,NULL
2,4,139,2,2,4,118,2,1,NULL
2,4,139,2,2,4,140,2,1,NULL
2,4,118,2,2,4,117,2,1,NULL
2,4,118,2,2,4,139,2,1,NULL
2,4,118,2,2,4,140,2,1,NULL
2,4,118,2,2,4,119,2,1,NULL
2,4,118,2,2,4,143,2,1,NULL
2,4,118,2,2,4,120,2,1,NULL
2,4,140,2,2,4,139,2,1,NULL
2,4,140,2,2,4,118,2,1,NULL
2,4,140,2,2,4,119,2,1,NULL
2,4,140,2,2,4,143,2,1,NULL
2,4,140,2,2,4,120,2,1,NULL
2,4,119,2,2,4,118,2,1,NULL
2,4,119,2,2,4,140,2,1,NULL
2,4,119,2,2,4,143,2,1,NULL
2,4,143,2,2,4,119,2,1,NULL
2,4,143,2,2,4,118,2,1,NULL
2,4,143,2,2,4,140,2,1,NULL
2,4,143,2,2,4,120,2,1,NULL
2,4,120,2,2,4,140,2,1,NULL
2,4,120,2,2,4,118,2,1,NULL
2,4,120,2,2,4,143,2,1,NULL
2,4,120,2,2,4,121,2,1,NULL
2,4,121,2,2,4,120,2,1,NULL
2,4,121,2,2,4,122,2,1,NULL
2,4,122,2,2,4,121,2,1,NULL
2,4,122,2,2,4,123,2,1,NULL
2,4,123,2,2,4,122,2,1,NULL
2,4,123,2,2,4,141,2,1,NULL
2,4,123,2,2,4,142,2,1,NULL
2,4,141,2,2,4,123,2,1,NULL
2,4,141,2,2,4,142,2,1,NULL
2,4,141,2,2,4,141,1,1,NULL
2,4,142,2,2,4,141,2,1,NULL
2,4,142,2,2,4,123,2,1,NULL
2,4,141,1,2,4,141,2,1,NULL