fingerprint_id,coord_x,coord_y,coord_z,building,floor,site,tile,user_id,device_id,epoch,set,is_radio_map,preceded_by,followed_by,notes
0,38.886312963794,-7.007964895876,NULL,80,1,NULL,48,0,0,NULL,training,True,NULL,1,NULL
1,38.886335004051,-7.007757070087,NULL,80,1,NULL,49,0,0,NULL,training,True,0,2,NULL
2,38.886205462399,-7.007736041601,NULL,80,1,NULL,22,0,0,NULL,training,True,1,3,NULL
3,38.886181560768,-7.007970377686,NULL,80,1,NULL,14,0,0,NULL,training,True,2,4,NULL
4,38.886184462061,-7.007938828219,NULL,80,1,NULL,15,0,0,NULL,training,True,3,5,NULL
5,38.886221297333,-7.007944314471,NULL,80,1,NULL,32,0,0,NULL,training,True,4,6,NULL
6,38.886242156988,-7.007741998231,NULL,80,1,NULL,37,0,0,NULL,training,True,5,7,NULL
7,38.886242156988,-7.007741998231,NULL,80,1,NULL,37,0,0,NULL,training,True,6,8,NULL
8,38.886221297333,-7.007944314471,NULL,80,1,NULL,32,0,0,NULL,training,True,7,9,NULL
9,38.886184462061,-7.007938828219,NULL,80,1,NULL,15,0,0,NULL,training,True,8,10,NULL
10,38.886181560768,-7.007970377686,NULL,80,1,NULL,14,0,0,NULL,training,True,9,11,NULL
11,38.886205462399,-7.007736041601,NULL,80,1,NULL,22,0,0,NULL,training,True,10,12,NULL
12,38.886335004051,-7.007757070087,NULL,80,1,NULL,49,0,0,NULL,training,True,11,13,NULL
13,38.886312963794,-7.007964895876,NULL,80,1,NULL,48,0,0,NULL,training,True,12,NULL,NULL
14,38.886312963794,-7.007964895876,NULL,80,1,NULL,48,0,0,NULL,training,True,NULL,15,NULL
15,38.886335004051,-7.007757070087,NULL,80,1,NULL,49,0,0,NULL,training,True,14,16,NULL
16,38.886205462399,-7.007736041601,NULL,80,1,NULL,22,0,0,NULL,training,True,15,17,NULL
17,38.886181560768,-7.007970377686,NULL,80,1,NULL,14,0,0,NULL,training,True,16,18,NULL
18,38.886184462061,-7.007938828219,NULL,80,1,NULL,15,0,0,NULL,training,True,17,19,NULL
19,38.886221297333,-7.007944314471,NULL,80,1,NULL,32,0,0,NULL,training,True,18,20,NULL
20,38.886242156988,-7.007741998231,NULL,80,1,NULL,37,0,0,NULL,training,True,19,21,NULL
21,38.886242156988,-7.007741998231,NULL,80,1,NULL,37,0,0,NULL,training,True,20,22,NULL
22,38.886221297333,-7.007944314471,NULL,80,1,NULL,32,0,0,NULL,training,True,21,23,NULL
23,38.886184462061,-7.007938828219,NULL,80,1,NULL,15,0,0,NULL,training,True,22,24,NULL
24,38.886181560768,-7.007970377686,NULL,80,1,NULL,14,0,0,NULL,training,True,23,25,NULL
25,38.886205462399,-7.007736041601,NULL,80,1,NULL,22,0,0,NULL,training,True,24,26,NULL
26,38.886335004051,-7.007757070087,NULL,80,1,NULL,49,0,0,NULL,training,True,25,27,NULL
27,38.886312963794,-7.007964895876,NULL,80,1,NULL,48,0,0,NULL,training,True,26,NULL,NULL
28,38.886312963794,-7.007964895876,NULL,80,1,NULL,48,1,1,NULL,training,True,NULL,29,NULL
29,38.886335004051,-7.007757070087,NULL,80,1,NULL,49,1,1,NULL,training,True,28,30,NULL
30,38.886205462399,-7.007736041601,NULL,80,1,NULL,22,1,1,NULL,training,True,29,31,NULL
31,38.886181560768,-7.007970377686,NULL,80,1,NULL,14,1,1,NULL,training,True,30,32,NULL
32,38.886184462061,-7.007938828219,NULL,80,1,NULL,15,1,1,NULL,training,True,31,33,NULL
33,38.886221297333,-7.007944314471,NULL,80,1,NULL,32,1,1,NULL,training,True,32,34,NULL
34,38.886242156988,-7.007741998231,NULL,80,1,NULL,37,1,1,NULL,training,True,33,35,NULL
35,38.886242156988,-7.007741998231,NULL,80,1,NULL,37,1,1,NULL,training,True,34,36,NULL
36,38.886221297333,-7.007944314471,NULL,80,1,NULL,32,1,1,NULL,training,True,35,37,NULL
37,38.886184462061,-7.007938828219,NULL,80,1,NULL,15,1,1,NULL,training,True,36,38,NULL
38,38.886181560768,-7.007970377686,NULL,80,1,NULL,14,1,1,NULL,training,True,37,39,NULL
39,38.886205462399,-7.007736041601,NULL,80,1,NULL,22,1,1,NULL,training,True,38,40,NULL
40,38.886335004051,-7.007757070087,NULL,80,1,NULL,49,1,1,NULL,training,True,39,41,NULL
41,38.886312963794,-7.007964895876,NULL,80,1,NULL,48,1,1,NULL,training,True,40,NULL,NULL
42,38.886312963794,-7.007964895876,NULL,80,1,NULL,48,1,1,NULL,training,True,NULL,43,NULL
43,38.886335004051,-7.007757070087,NULL,80,1,NULL,49,1,1,NULL,training,True,42,44,NULL
44,38.886205462399,-7.007736041601,NULL,80,1,NULL,22,1,1,NULL,training,True,43,45,NULL
45,38.886181560768,-7.007970377686,NULL,80,1,NULL,14,1,1,NULL,training,True,44,46,NULL
46,38.886184462061,-7.007938828219,NULL,80,1,NULL,15,1,1,NULL,training,True,45,47,NULL
47,38.886221297333,-7.007944314471,NULL,80,1,NULL,32,1,1,NULL,training,True,46,48,NULL
48,38.886242156988,-7.007741998231,NULL,80,1,NULL,37,1,1,NULL,training,True,47,49,NULL
49,38.886242156988,-7.007741998231,NULL,80,1,NULL,37,1,1,NULL,training,True,48,50,NULL
50,38.886221297333,-7.007944314471,NULL,80,1,NULL,32,1,1,NULL,training,True,49,51,NULL
51,38.886184462061,-7.007938828219,NULL,80,1,NULL,15,1,1,NULL,training,True,50,52,NULL
52,38.886181560768,-7.007970377686,NULL,80,1,NULL,14,1,1,NULL,training,True,51,53,NULL
53,38.886205462399,-7.007736041601,NULL,80,1,NULL,22,1,1,NULL,training,True,52,54,NULL
54,38.886335004051,-7.007757070087,NULL,80,1,NULL,49,1,1,NULL,training,True,53,55,NULL
55,38.886312963794,-7.007964895876,NULL,80,1,NULL,48,1,1,NULL,training,True,54,NULL,NULL
56,38.886312963794,-7.007964895876,NULL,80,1,NULL,48,2,2,NULL,training,True,NULL,57,NULL
57,38.886335004051,-7.007757070087,NULL,80,1,NULL,49,2,2,NULL,training,True,56,58,NULL
58,38.886205462399,-7.007736041601,NULL,80,1,NULL,22,2,2,NULL,training,True,57,59,NULL
59,38.886181560768,-7.007970377686,NULL,80,1,NULL,14,2,2,NULL,training,True,58,60,NULL
60,38.886184462061,-7.007938828219,NULL,80,1,NULL,15,2,2,NULL,training,True,59,61,NULL
61,38.886221297333,-7.007944314471,NULL,80,1,NULL,32,2,2,NULL,training,True,60,62,NULL
62,38.886242156988,-7.007741998231,NULL,80,1,NULL,37,2,2,NULL,training,True,61,63,NULL
63,38.886242156988,-7.007741998231,NULL,80,1,NULL,37,2,2,NULL,training,True,62,64,NULL
64,38.886221297333,-7.007944314471,NULL,80,1,NULL,32,2,2,NULL,training,True,63,65,NULL
65,38.886184462061,-7.007938828219,NULL,80,1,NULL,15,2,2,NULL,training,True,64,66,NULL
66,38.886181560768,-7.007970377686,NULL,80,1,NULL,14,2,2,NULL,training,True,65,67,NULL
67,38.886205462399,-7.007736041601,NULL,80,1,NULL,22,2,2,NULL,training,True,66,68,NULL
68,38.886335004051,-7.007757070087,NULL,80,1,NULL,49,2,2,NULL,training,True,67,69,NULL
69,38.886312963794,-7.007964895876,NULL,80,1,NULL,48,2,2,NULL,training,True,68,NULL,NULL
70,38.886312963794,-7.007964895876,NULL,80,1,NULL,48,2,2,NULL,training,True,NULL,71,NULL
71,38.886335004051,-7.007757070087,NULL,80,1,NULL,49,2,2,NULL,training,True,70,72,NULL
72,38.886205462399,-7.007736041601,NULL,80,1,NULL,22,2,2,NULL,training,True,71,73,NULL
73,38.886181560768,-7.007970377686,NULL,80,1,NULL,14,2,2,NULL,training,True,72,74,NULL
74,38.886184462061,-7.007938828219,NULL,80,1,NULL,15,2,2,NULL,training,True,73,75,NULL
75,38.886221297333,-7.007944314471,NULL,80,1,NULL,32,2,2,NULL,training,True,74,76,NULL
76,38.886242156988,-7.007741998231,NULL,80,1,NULL,37,2,2,NULL,training,True,75,77,NULL
77,38.886242156988,-7.007741998231,NULL,80,1,NULL,37,2,2,NULL,training,True,76,78,NULL
78,38.886221297333,-7.007944314471,NULL,80,1,NULL,32,2,2,NULL,training,True,77,79,NULL
79,38.886184462061,-7.007938828219,NULL,80,1,NULL,15,2,2,NULL,training,True,78,80,NULL
80,38.886181560768,-7.007970377686,NULL,80,1,NULL,14,2,2,NULL,training,True,79,81,NULL
81,38.886205462399,-7.007736041601,NULL,80,1,NULL,22,2,2,NULL,training,True,80,82,NULL
82,38.886335004051,-7.007757070087,NULL,80,1,NULL,49,2,2,NULL,training,True,81,83,NULL
83,38.886312963794,-7.007964895876,NULL,80,1,NULL,48,2,2,NULL,training,True,82,NULL,NULL
84,38.886312963794,-7.007964895876,NULL,80,1,NULL,48,3,3,NULL,training,True,NULL,85,NULL
85,38.886335004051,-7.007757070087,NULL,80,1,NULL,49,3,3,NULL,training,True,84,86,NULL
86,38.886205462399,-7.007736041601,NULL,80,1,NULL,22,3,3,NULL,training,True,85,87,NULL
87,38.886181560768,-7.007970377686,NULL,80,1,NULL,14,3,3,NULL,training,True,86,88,NULL
88,38.886184462061,-7.007938828219,NULL,80,1,NULL,15,3,3,NULL,training,True,87,89,NULL
89,38.886221297333,-7.007944314471,NULL,80,1,NULL,32,3,3,NULL,training,True,88,90,NULL
90,38.886242156988,-7.007741998231,NULL,80,1,NULL,37,3,3,NULL,training,True,89,91,NULL
91,38.886242156988,-7.007741998231,NULL,80,1,NULL,37,3,3,NULL,training,True,90,92,NULL
92,38.886221297333,-7.007944314471,NULL,80,1,NULL,32,3,3,NULL,training,True,91,93,NULL
93,38.886184462061,-7.007938828219,NULL,80,1,NULL,15,3,3,NULL,training,True,92,94,NULL
94,38.886181560768,-7.007970377686,NULL,80,1,NULL,14,3,3,NULL,training,True,93,95,NULL
95,38.886205462399,-7.007736041601,NULL,80,1,NULL,22,3,3,NULL,training,True,94,96,NULL
96,38.886335004051,-7.007757070087,NULL,80,1,NULL,49,3,3,NULL,training,True,95,97,NULL
97,38.886312963794,-7.007964895876,NULL,80,1,NULL,48,3,3,NULL,training,True,96,NULL,NULL
98,38.886312963794,-7.007964895876,NULL,80,1,NULL,48,3,3,NULL,training,True,NULL,99,NULL
99,38.886335004051,-7.007757070087,NULL,80,1,NULL,49,3,3,NULL,training,True,98,100,NULL
100,38.886205462399,-7.007736041601,NULL,80,1,NULL,22,3,3,NULL,training,True,99,101,NULL
101,38.886181560768,-7.007970377686,NULL,80,1,NULL,14,3,3,NULL,training,True,100,102,NULL
102,38.886184462061,-7.007938828219,NULL,80,1,NULL,15,3,3,NULL,training,True,101,103,NULL
103,38.886221297333,-7.007944314471,NULL,80,1,NULL,32,3,3,NULL,training,True,102,104,NULL
104,38.886242156988,-7.007741998231,NULL,80,1,NULL,37,3,3,NULL,training,True,103,105,NULL
105,38.886242156988,-7.007741998231,NULL,80,1,NULL,37,3,3,NULL,training,True,104,106,NULL
106,38.886221297333,-7.007944314471,NULL,80,1,NULL,32,3,3,NULL,training,True,105,107,NULL
107,38.886184462061,-7.007938828219,NULL,80,1,NULL,15,3,3,NULL,training,True,106,108,NULL
108,38.886181560768,-7.007970377686,NULL,80,1,NULL,14,3,3,NULL,training,True,107,109,NULL
109,38.886205462399,-7.007736041601,NULL,80,1,NULL,22,3,3,NULL,training,True,108,110,NULL
110,38.886335004051,-7.007757070087,NULL,80,1,NULL,49,3,3,NULL,training,True,109,111,NULL
111,38.886312963794,-7.007964895876,NULL,80,1,NULL,48,3,3,NULL,training,True,110,NULL,NULL
112,38.886312963794,-7.007964895876,NULL,80,1,NULL,48,4,4,NULL,training,True,NULL,113,NULL
113,38.886335004051,-7.007757070087,NULL,80,1,NULL,49,4,4,NULL,training,True,112,114,NULL
114,38.886205462399,-7.007736041601,NULL,80,1,NULL,22,4,4,NULL,training,True,113,115,NULL
115,38.886181560768,-7.007970377686,NULL,80,1,NULL,14,4,4,NULL,training,True,114,116,NULL
116,38.886184462061,-7.007938828219,NULL,80,1,NULL,15,4,4,NULL,training,True,115,117,NULL
117,38.886221297333,-7.007944314471,NULL,80,1,NULL,32,4,4,NULL,training,True,116,118,NULL
118,38.886242156988,-7.007741998231,NULL,80,1,NULL,37,4,4,NULL,training,True,117,119,NULL
119,38.886242156988,-7.007741998231,NULL,80,1,NULL,37,4,4,NULL,training,True,118,120,NULL
120,38.886221297333,-7.007944314471,NULL,80,1,NULL,32,4,4,NULL,training,True,119,121,NULL
121,38.886184462061,-7.007938828219,NULL,80,1,NULL,15,4,4,NULL,training,True,120,122,NULL
122,38.886181560768,-7.007970377686,NULL,80,1,NULL,14,4,4,NULL,training,True,121,123,NULL
123,38.886205462399,-7.007736041601,NULL,80,1,NULL,22,4,4,NULL,training,True,122,124,NULL
124,38.886335004051,-7.007757070087,NULL,80,1,NULL,49,4,4,NULL,training,True,123,125,NULL
125,38.886312963794,-7.007964895876,NULL,80,1,NULL,48,4,4,NULL,training,True,124,NULL,NULL
126,38.886312963794,-7.007964895876,NULL,80,1,NULL,48,4,4,NULL,training,True,NULL,127,NULL
127,38.886335004051,-7.007757070087,NULL,80,1,NULL,49,4,4,NULL,training,True,126,128,NULL
128,38.886205462399,-7.007736041601,NULL,80,1,NULL,22,4,4,NULL,training,True,127,129,NULL
129,38.886181560768,-7.007970377686,NULL,80,1,NULL,14,4,4,NULL,training,True,128,130,NULL
130,38.886184462061,-7.007938828219,NULL,80,1,NULL,15,4,4,NULL,training,True,129,131,NULL
131,38.886221297333,-7.007944314471,NULL,80,1,NULL,32,4,4,NULL,training,True,130,132,NULL
132,38.886242156988,-7.007741998231,NULL,80,1,NULL,37,4,4,NULL,training,True,131,133,NULL
133,38.886242156988,-7.007741998231,NULL,80,1,NULL,37,4,4,NULL,training,True,132,134,NULL
134,38.886221297333,-7.007944314471,NULL,80,1,NULL,32,4,4,NULL,training,True,133,135,NULL
135,38.886184462061,-7.007938828219,NULL,80,1,NULL,15,4,4,NULL,training,True,134,136,NULL
136,38.886181560768,-7.007970377686,NULL,80,1,NULL,14,4,4,NULL,training,True,135,137,NULL
137,38.886205462399,-7.007736041601,NULL,80,1,NULL,22,4,4,NULL,training,True,136,138,NULL
138,38.886335004051,-7.007757070087,NULL,80,1,NULL,49,4,4,NULL,training,True,137,139,NULL
139,38.886312963794,-7.007964895876,NULL,80,1,NULL,48,4,4,NULL,training,True,138,NULL,NULL
140,38.886335004051,-7.007757070087,NULL,80,1,NULL,49,0,0,NULL,training,True,NULL,141,NULL
141,38.886363915631,-7.007444490583,NULL,80,1,NULL,50,0,0,NULL,training,True,140,142,NULL
142,38.886239940592,-7.007424008882,NULL,80,1,NULL,35,0,0,NULL,training,True,141,143,NULL
143,38.886205462399,-7.007736041601,NULL,80,1,NULL,22,0,0,NULL,training,True,142,144,NULL
144,38.886205462399,-7.007736041601,NULL,80,1,NULL,22,0,0,NULL,training,True,143,145,NULL
145,38.886239940592,-7.007424008882,NULL,80,1,NULL,35,0,0,NULL,training,True,144,146,NULL
146,38.886363915631,-7.007444490583,NULL,80,1,NULL,50,0,0,NULL,training,True,145,147,NULL
147,38.886335004051,-7.007757070087,NULL,80,1,NULL,49,0,0,NULL,training,True,146,NULL,NULL
148,38.886335004051,-7.007757070087,NULL,80,1,NULL,49,0,0,NULL,training,True,NULL,149,NULL
149,38.886363915631,-7.007444490583,NULL,80,1,NULL,50,0,0,NULL,training,True,148,150,NULL
150,38.886239940592,-7.007424008882,NULL,80,1,NULL,35,0,0,NULL,training,True,149,151,NULL
151,38.886205462399,-7.007736041601,NULL,80,1,NULL,22,0,0,NULL,training,True,150,152,NULL
152,38.886205462399,-7.007736041601,NULL,80,1,NULL,22,0,0,NULL,training,True,151,153,NULL
153,38.886239940592,-7.007424008882,NULL,80,1,NULL,35,0,0,NULL,training,True,152,154,NULL
154,38.886363915631,-7.007444490583,NULL,80,1,NULL,50,0,0,NULL,training,True,153,155,NULL
155,38.886335004051,-7.007757070087,NULL,80,1,NULL,49,0,0,NULL,training,True,154,NULL,NULL
156,38.886335004051,-7.007757070087,NULL,80,1,NULL,49,1,1,NULL,training,True,NULL,157,NULL
157,38.886363915631,-7.007444490583,NULL,80,1,NULL,50,1,1,NULL,training,True,156,158,NULL
158,38.886239940592,-7.007424008882,NULL,80,1,NULL,35,1,1,NULL,training,True,157,159,NULL
159,38.886205462399,-7.007736041601,NULL,80,1,NULL,22,1,1,NULL,training,True,158,160,NULL
160,38.886205462399,-7.007736041601,NULL,80,1,NULL,22,1,1,NULL,training,True,159,161,NULL
161,38.886239940592,-7.007424008882,NULL,80,1,NULL,35,1,1,NULL,training,True,160,162,NULL
162,38.886363915631,-7.007444490583,NULL,80,1,NULL,50,1,1,NULL,training,True,161,163,NULL
163,38.886335004051,-7.007757070087,NULL,80,1,NULL,49,1,1,NULL,training,True,162,NULL,NULL
164,38.886335004051,-7.007757070087,NULL,80,1,NULL,49,1,1,NULL,training,True,NULL,165,NULL
165,38.886363915631,-7.007444490583,NULL,80,1,NULL,50,1,1,NULL,training,True,164,166,NULL
166,38.886239940592,-7.007424008882,NULL,80,1,NULL,35,1,1,NULL,training,True,165,167,NULL
167,38.886205462399,-7.007736041601,NULL,80,1,NULL,22,1,1,NULL,training,True,166,168,NULL
168,38.886205462399,-7.007736041601,NULL,80,1,NULL,22,1,1,NULL,training,True,167,169,NULL
169,38.886239940592,-7.007424008882,NULL,80,1,NULL,35,1,1,NULL,training,True,168,170,NULL
170,38.886363915631,-7.007444490583,NULL,80,1,NULL,50,1,1,NULL,training,True,169,171,NULL
171,38.886335004051,-7.007757070087,NULL,80,1,NULL,49,1,1,NULL,training,True,170,NULL,NULL
172,38.886335004051,-7.007757070087,NULL,80,1,NULL,49,2,2,NULL,training,True,NULL,173,NULL
173,38.886363915631,-7.007444490583,NULL,80,1,NULL,50,2,2,NULL,training,True,172,174,NULL
174,38.886239940592,-7.007424008882,NULL,80,1,NULL,35,2,2,NULL,training,True,173,175,NULL
175,38.886205462399,-7.007736041601,NULL,80,1,NULL,22,2,2,NULL,training,True,174,176,NULL
176,38.886205462399,-7.007736041601,NULL,80,1,NULL,22,2,2,NULL,training,True,175,177,NULL
177,38.886239940592,-7.007424008882,NULL,80,1,NULL,35,2,2,NULL,training,True,176,178,NULL
178,38.886363915631,-7.007444490583,NULL,80,1,NULL,50,2,2,NULL,training,True,177,179,NULL
179,38.886335004051,-7.007757070087,NULL,80,1,NULL,49,2,2,NULL,training,True,178,NULL,NULL
180,38.886335004051,-7.007757070087,NULL,80,1,NULL,49,2,2,NULL,training,True,NULL,181,NULL
181,38.886363915631,-7.007444490583,NULL,80,1,NULL,50,2,2,NULL,training,True,180,182,NULL
182,38.886239940592,-7.007424008882,NULL,80,1,NULL,35,2,2,NULL,training,True,181,183,NULL
183,38.886205462399,-7.007736041601,NULL,80,1,NULL,22,2,2,NULL,training,True,182,184,NULL
184,38.886205462399,-7.007736041601,NULL,80,1,NULL,22,2,2,NULL,training,True,183,185,NULL
185,38.886239940592,-7.007424008882,NULL,80,1,NULL,35,2,2,NULL,training,True,184,186,NULL
186,38.886363915631,-7.007444490583,NULL,80,1,NULL,50,2,2,NULL,training,True,185,187,NULL
187,38.886335004051,-7.007757070087,NULL,80,1,NULL,49,2,2,NULL,training,True,186,NULL,NULL
188,38.886335004051,-7.007757070087,NULL,80,1,NULL,49,3,3,NULL,training,True,NULL,189,NULL
189,38.886363915631,-7.007444490583,NULL,80,1,NULL,50,3,3,NULL,training,True,188,190,NULL
190,38.886239940592,-7.007424008882,NULL,80,1,NULL,35,3,3,NULL,training,True,189,191,NULL
191,38.886205462399,-7.007736041601,NULL,80,1,NULL,22,3,3,NULL,training,True,190,192,NULL
192,38.886205462399,-7.007736041601,NULL,80,1,NULL,22,3,3,NULL,training,True,191,193,NULL
193,38.886239940592,-7.007424008882,NULL,80,1,NULL,35,3,3,NULL,training,True,192,194,NULL
194,38.886363915631,-7.007444490583,NULL,80,1,NULL,50,3,3,NULL,training,True,193,195,NULL
195,38.886335004051,-7.007757070087,NULL,80,1,NULL,49,3,3,NULL,training,True,194,NULL,NULL
196,38.886335004051,-7.007757070087,NULL,80,1,NULL,49,3,3,NULL,training,True,NULL,197,NULL
197,38.886363915631,-7.007444490583,NULL,80,1,NULL,50,3,3,NULL,training,True,196,198,NULL
198,38.886239940592,-7.007424008882,NULL,80,1,NULL,35,3,3,NULL,training,True,197,199,NULL
199,38.886205462399,-7.007736041601,NULL,80,1,NULL,22,3,3,NULL,training,True,198,200,NULL
200,38.886205462399,-7.007736041601,NULL,80,1,NULL,22,3,3,NULL,training,True,199,201,NULL
201,38.886239940592,-7.007424008882,NULL,80,1,NULL,35,3,3,NULL,training,True,200,202,NULL
202,38.886363915631,-7.007444490583,NULL,80,1,NULL,50,3,3,NULL,training,True,201,203,NULL
203,38.886335004051,-7.007757070087,NULL,80,1,NULL,49,3,3,NULL,training,True,202,NULL,NULL
204,38.886335004051,-7.007757070087,NULL,80,1,NULL,49,4,4,NULL,training,True,NULL,205,NULL
205,38.886363915631,-7.007444490583,NULL,80,1,NULL,50,4,4,NULL,training,True,204,206,NULL
206,38.886239940592,-7.007424008882,NULL,80,1,NULL,35,4,4,NULL,training,True,205,207,NULL
207,38.886205462399,-7.007736041601,NULL,80,1,NULL,22,4,4,NULL,training,True,206,208,NULL
208,38.886205462399,-7.007736041601,NULL,80,1,NULL,22,4,4,NULL,training,True,207,209,NULL
209,38.886239940592,-7.007424008882,NULL,80,1,NULL,35,4,4,NULL,training,True,208,210,NULL
210,38.886363915631,-7.007444490583,NULL,80,1,NULL,50,4,4,NULL,training,True,209,211,NULL
211,38.886335004051,-7.007757070087,NULL,80,1,NULL,49,4,4,NULL,training,True,210,NULL,NULL
212,38.886335004051,-7.007757070087,NULL,80,1,NULL,49,4,4,NULL,training,True,NULL,213,NULL
213,38.886363915631,-7.007444490583,NULL,80,1,NULL,50,4,4,NULL,training,True,212,214,NULL
214,38.886239940592,-7.007424008882,NULL,80,1,NULL,35,4,4,NULL,training,True,213,215,NULL
215,38.886205462399,-7.007736041601,NULL,80,1,NULL,22,4,4,NULL,training,True,214,216,NULL
216,38.886205462399,-7.007736041601,NULL,80,1,NULL,22,4,4,NULL,training,True,215,217,NULL
217,38.886239940592,-7.007424008882,NULL,80,1,NULL,35,4,4,NULL,training,True,216,218,NULL
218,38.886363915631,-7.007444490583,NULL,80,1,NULL,50,4,4,NULL,training,True,217,219,NULL
219,38.886335004051,-7.007757070087,NULL,80,1,NULL,49,4,4,NULL,training,True,218,NULL,NULL
220,38.886363915631,-7.007444490583,NULL,80,1,NULL,50,0,0,NULL,training,True,NULL,221,NULL
221,38.886378740295,-7.007298285431,NULL,80,1,NULL,51,0,0,NULL,training,True,220,222,NULL
222,38.886252306351,-7.007276099765,NULL,80,1,NULL,39,0,0,NULL,training,True,221,223,NULL
223,38.886239940592,-7.007424008882,NULL,80,1,NULL,35,0,0,NULL,training,True,222,224,NULL
224,38.886239940592,-7.007424008882,NULL,80,1,NULL,35,0,0,NULL,training,True,223,225,NULL
225,38.886252306351,-7.007276099765,NULL,80,1,NULL,39,0,0,NULL,training,True,224,226,NULL
226,38.886378740295,-7.007298285431,NULL,80,1,NULL,51,0,0,NULL,training,True,225,227,NULL
227,38.886363915631,-7.007444490583,NULL,80,1,NULL,50,0,0,NULL,training,True,226,NULL,NULL
228,38.886363915631,-7.007444490583,NULL,80,1,NULL,50,0,0,NULL,training,True,NULL,229,NULL
229,38.886378740295,-7.007298285431,NULL,80,1,NULL,51,0,0,NULL,training,True,228,230,NULL
230,38.886252306351,-7.007276099765,NULL,80,1,NULL,39,0,0,NULL,training,True,229,231,NULL
231,38.886239940592,-7.007424008882,NULL,80,1,NULL,35,0,0,NULL,training,True,230,232,NULL
232,38.886239940592,-7.007424008882,NULL,80,1,NULL,35,0,0,NULL,training,True,231,233,NULL
233,38.886252306351,-7.007276099765,NULL,80,1,NULL,39,0,0,NULL,training,True,232,234,NULL
234,38.886378740295,-7.007298285431,NULL,80,1,NULL,51,0,0,NULL,training,True,233,235,NULL
235,38.886363915631,-7.007444490583,NULL,80,1,NULL,50,0,0,NULL,training,True,234,NULL,NULL
236,38.886363915631,-7.007444490583,NULL,80,1,NULL,50,1,1,NULL,training,True,NULL,237,NULL
237,38.886378740295,-7.007298285431,NULL,80,1,NULL,51,1,1,NULL,training,True,236,238,NULL
238,38.886252306351,-7.007276099765,NULL,80,1,NULL,39,1,1,NULL,training,True,237,239,NULL
239,38.886239940592,-7.007424008882,NULL,80,1,NULL,35,1,1,NULL,training,True,238,240,NULL
240,38.886239940592,-7.007424008882,NULL,80,1,NULL,35,1,1,NULL,training,True,239,241,NULL
241,38.886252306351,-7.007276099765,NULL,80,1,NULL,39,1,1,NULL,training,True,240,242,NULL
242,38.886378740295,-7.007298285431,NULL,80,1,NULL,51,1,1,NULL,training,True,241,243,NULL
243,38.886363915631,-7.007444490583,NULL,80,1,NULL,50,1,1,NULL,training,True,242,NULL,NULL
244,38.886363915631,-7.007444490583,NULL,80,1,NULL,50,1,1,NULL,training,True,NULL,245,NULL
245,38.886378740295,-7.007298285431,NULL,80,1,NULL,51,1,1,NULL,training,True,244,246,NULL
246,38.886252306351,-7.007276099765,NULL,80,1,NULL,39,1,1,NULL,training,True,245,247,NULL
247,38.886239940592,-7.007424008882,NULL,80,1,NULL,35,1,1,NULL,training,True,246,248,NULL
248,38.886239940592,-7.007424008882,NULL,80,1,NULL,35,1,1,NULL,training,True,247,249,NULL
249,38.886252306351,-7.007276099765,NULL,80,1,NULL,39,1,1,NULL,training,True,248,250,NULL
250,38.886378740295,-7.007298285431,NULL,80,1,NULL,51,1,1,NULL,training,True,249,251,NULL
251,38.886363915631,-7.007444490583,NULL,80,1,NULL,50,1,1,NULL,training,True,250,NULL,NULL
252,38.886363915631,-7.007444490583,NULL,80,1,NULL,50,2,2,NULL,training,True,NULL,253,NULL
253,38.886378740295,-7.007298285431,NULL,80,1,NULL,51,2,2,NULL,training,True,252,254,NULL
254,38.886252306351,-7.007276099765,NULL,80,1,NULL,39,2,2,NULL,training,True,253,255,NULL
255,38.886239940592,-7.007424008882,NULL,80,1,NULL,35,2,2,NULL,training,True,254,256,NULL
256,38.886239940592,-7.007424008882,NULL,80,1,NULL,35,2,2,NULL,training,True,255,257,NULL
257,38.886252306351,-7.007276099765,NULL,80,1,NULL,39,2,2,NULL,training,True,256,258,NULL
258,38.886378740295,-7.007298285431,NULL,80,1,NULL,51,2,2,NULL,training,True,257,259,NULL
259,38.886363915631,-7.007444490583,NULL,80,1,NULL,50,2,2,NULL,training,True,258,NULL,NULL
260,38.886363915631,-7.007444490583,NULL,80,1,NULL,50,2,2,NULL,training,True,NULL,261,NULL
261,38.886378740295,-7.007298285431,NULL,80,1,NULL,51,2,2,NULL,training,True,260,262,NULL
262,38.886252306351,-7.007276099765,NULL,80,1,NULL,39,2,2,NULL,training,True,261,263,NULL
263,38.886239940592,-7.007424008882,NULL,80,1,NULL,35,2,2,NULL,training,True,262,264,NULL
264,38.886239940592,-7.007424008882,NULL,80,1,NULL,35,2,2,NULL,training,True,263,265,NULL
265,38.886252306351,-7.007276099765,NULL,80,1,NULL,39,2,2,NULL,training,True,264,266,NULL
266,38.886378740295,-7.007298285431,NULL,80,1,NULL,51,2,2,NULL,training,True,265,267,NULL
267,38.886363915631,-7.007444490583,NULL,80,1,NULL,50,2,2,NULL,training,True,266,NULL,NULL
268,38.886363915631,-7.007444490583,NULL,80,1,NULL,50,3,3,NULL,training,True,NULL,269,NULL
269,38.886378740295,-7.007298285431,NULL,80,1,NULL,51,3,3,NULL,training,True,268,270,NULL
270,38.886252306351,-7.007276099765,NULL,80,1,NULL,39,3,3,NULL,training,True,269,271,NULL
271,38.886239940592,-7.007424008882,NULL,80,1,NULL,35,3,3,NULL,training,True,270,272,NULL
272,38.886239940592,-7.007424008882,NULL,80,1,NULL,35,3,3,NULL,training,True,271,273,NULL
273,38.886252306351,-7.007276099765,NULL,80,1,NULL,39,3,3,NULL,training,True,272,274,NULL
274,38.886378740295,-7.007298285431,NULL,80,1,NULL,51,3,3,NULL,training,True,273,275,NULL
275,38.886363915631,-7.007444490583,NULL,80,1,NULL,50,3,3,NULL,training,True,274,NULL,NULL
276,38.886363915631,-7.007444490583,NULL,80,1,NULL,50,3,3,NULL,training,True,NULL,277,NULL
277,38.886378740295,-7.007298285431,NULL,80,1,NULL,51,3,3,NULL,training,True,276,278,NULL
278,38.886252306351,-7.007276099765,NULL,80,1,NULL,39,3,3,NULL,training,True,277,279,NULL
279,38.886239940592,-7.007424008882,NULL,80,1,NULL,35,3,3,NULL,training,True,278,280,NULL
280,38.886239940592,-7.007424008882,NULL,80,1,NULL,35,3,3,NULL,training,True,279,281,NULL
281,38.886252306351,-7.007276099765,NULL,80,1,NULL,39,3,3,NULL,training,True,280,282,NULL
282,38.886378740295,-7.007298285431,NULL,80,1,NULL,51,3,3,NULL,training,True,281,283,NULL
283,38.886363915631,-7.007444490583,NULL,80,1,NULL,50,3,3,NULL,training,True,282,NULL,NULL
284,38.886363915631,-7.007444490583,NULL,80,1,NULL,50,4,4,NULL,training,True,NULL,285,NULL
285,38.886378740295,-7.007298285431,NULL,80,1,NULL,51,4,4,NULL,training,True,284,286,NULL
286,38.886252306351,-7.007276099765,NULL,80,1,NULL,39,4,4,NULL,training,True,285,287,NULL
287,38.886239940592,-7.007424008882,NULL,80,1,NULL,35,4,4,NULL,training,True,286,288,NULL
288,38.886239940592,-7.007424008882,NULL,80,1,NULL,35,4,4,NULL,training,True,287,289,NULL
289,38.886252306351,-7.007276099765,NULL,80,1,NULL,39,4,4,NULL,training,True,288,290,NULL
290,38.886378740295,-7.007298285431,NULL,80,1,NULL,51,4,4,NULL,training,True,289,291,NULL
291,38.886363915631,-7.007444490583,NULL,80,1,NULL,50,4,4,NULL,training,True,290,NULL,NULL
292,38.886363915631,-7.007444490583,NULL,80,1,NULL,50,4,4,NULL,training,True,NULL,293,NULL
293,38.886378740295,-7.007298285431,NULL,80,1,NULL,51,4,4,NULL,training,True,292,294,NULL
294,38.886252306351,-7.007276099765,NULL,80,1,NULL,39,4,4,NULL,training,True,293,295,NULL
295,38.886239940592,-7.007424008882,NULL,80,1,NULL,35,4,4,NULL,training,True,294,296,NULL
296,38.886239940592,-7.007424008882,NULL,80,1,NULL,35,4,4,NULL,training,True,295,297,NULL
297,38.886252306351,-7.007276099765,NULL,80,1,NULL,39,4,4,NULL,training,True,296,298,NULL
298,38.886378740295,-7.007298285431,NULL,80,1,NULL,51,4,4,NULL,training,True,297,299,NULL
299,38.886363915631,-7.007444490583,NULL,80,1,NULL,50,4,4,NULL,training,True,298,NULL,NULL
300,38.886378740295,-7.007298285431,NULL,80,1,NULL,51,0,0,NULL,training,True,NULL,301,NULL
301,38.886425104443,-7.006841030951,NULL,80,1,NULL,52,0,0,NULL,training,True,300,302,NULL
302,38.886297050993,-7.006819311975,NULL,80,1,NULL,47,0,0,NULL,training,True,301,303,NULL
303,38.886252306351,-7.007276099765,NULL,80,1,NULL,39,0,0,NULL,training,True,302,304,NULL
304,38.886252306351,-7.007276099765,NULL,80,1,NULL,39,0,0,NULL,training,True,303,305,NULL
305,38.886297050993,-7.006819311975,NULL,80,1,NULL,47,0,0,NULL,training,True,304,306,NULL
306,38.886425104443,-7.006841030951,NULL,80,1,NULL,52,0,0,NULL,training,True,305,307,NULL
307,38.886378740295,-7.007298285431,NULL,80,1,NULL,51,0,0,NULL,training,True,306,NULL,NULL
308,38.886378740295,-7.007298285431,NULL,80,1,NULL,51,0,0,NULL,training,True,NULL,309,NULL
309,38.886425104443,-7.006841030951,NULL,80,1,NULL,52,0,0,NULL,training,True,308,310,NULL
310,38.886297050993,-7.006819311975,NULL,80,1,NULL,47,0,0,NULL,training,True,309,311,NULL
311,38.886252306351,-7.007276099765,NULL,80,1,NULL,39,0,0,NULL,training,True,310,312,NULL
312,38.886252306351,-7.007276099765,NULL,80,1,NULL,39,0,0,NULL,training,True,311,313,NULL
313,38.886297050993,-7.006819311975,NULL,80,1,NULL,47,0,0,NULL,training,True,312,314,NULL
314,38.886425104443,-7.006841030951,NULL,80,1,NULL,52,0,0,NULL,training,True,313,315,NULL
315,38.886378740295,-7.007298285431,NULL,80,1,NULL,51,0,0,NULL,training,True,314,NULL,NULL
316,38.886378740295,-7.007298285431,NULL,80,1,NULL,51,1,1,NULL,training,True,NULL,317,NULL
317,38.886425104443,-7.006841030951,NULL,80,1,NULL,52,1,1,NULL,training,True,316,318,NULL
318,38.886297050993,-7.006819311975,NULL,80,1,NULL,47,1,1,NULL,training,True,317,319,NULL
319,38.886252306351,-7.007276099765,NULL,80,1,NULL,39,1,1,NULL,training,True,318,320,NULL
320,38.886252306351,-7.007276099765,NULL,80,1,NULL,39,1,1,NULL,training,True,319,321,NULL
321,38.886297050993,-7.006819311975,NULL,80,1,NULL,47,1,1,NULL,training,True,320,322,NULL
322,38.886425104443,-7.006841030951,NULL,80,1,NULL,52,1,1,NULL,training,True,321,323,NULL
323,38.886378740295,-7.007298285431,NULL,80,1,NULL,51,1,1,NULL,training,True,322,NULL,NULL
324,38.886378740295,-7.007298285431,NULL,80,1,NULL,51,1,1,NULL,training,True,NULL,325,NULL
325,38.886425104443,-7.006841030951,NULL,80,1,NULL,52,1,1,NULL,training,True,324,326,NULL
326,38.886297050993,-7.006819311975,NULL,80,1,NULL,47,1,1,NULL,training,True,325,327,NULL
327,38.886252306351,-7.007276099765,NULL,80,1,NULL,39,1,1,NULL,training,True,326,328,NULL
328,38.886252306351,-7.007276099765,NULL,80,1,NULL,39,1,1,NULL,training,True,327,329,NULL
329,38.886297050993,-7.006819311975,NULL,80,1,NULL,47,1,1,NULL,training,True,328,330,NULL
330,38.886425104443,-7.006841030951,NULL,80,1,NULL,52,1,1,NULL,training,True,329,331,NULL
331,38.886378740295,-7.007298285431,NULL,80,1,NULL,51,1,1,NULL,training,True,330,NULL,NULL
332,38.886378740295,-7.007298285431,NULL,80,1,NULL,51,2,2,NULL,training,True,NULL,333,NULL
333,38.886425104443,-7.006841030951,NULL,80,1,NULL,52,2,2,NULL,training,True,332,334,NULL
334,38.886297050993,-7.006819311975,NULL,80,1,NULL,47,2,2,NULL,training,True,333,335,NULL
335,38.886252306351,-7.007276099765,NULL,80,1,NULL,39,2,2,NULL,training,True,334,336,NULL
336,38.886252306351,-7.007276099765,NULL,80,1,NULL,39,2,2,NULL,training,True,335,337,NULL
337,38.886297050993,-7.006819311975,NULL,80,1,NULL,47,2,2,NULL,training,True,336,338,NULL
338,38.886425104443,-7.006841030951,NULL,80,1,NULL,52,2,2,NULL,training,True,337,339,NULL
339,38.886378740295,-7.007298285431,NULL,80,1,NULL,51,2,2,NULL,training,True,338,NULL,NULL
340,38.886378740295,-7.007298285431,NULL,80,1,NULL,51,2,2,NULL,training,True,NULL,341,NULL
341,38.886425104443,-7.006841030951,NULL,80,1,NULL,52,2,2,NULL,training,True,340,342,NULL
342,38.886297050993,-7.006819311975,NULL,80,1,NULL,47,2,2,NULL,training,True,341,343,NULL
343,38.886252306351,-7.007276099765,NULL,80,1,NULL,39,2,2,NULL,training,True,342,344,NULL
344,38.886252306351,-7.007276099765,NULL,80,1,NULL,39,2,2,NULL,training,True,343,345,NULL
345,38.886297050993,-7.006819311975,NULL,80,1,NULL,47,2,2,NULL,training,True,344,346,NULL
346,38.886425104443,-7.006841030951,NULL,80,1,NULL,52,2,2,NULL,training,True,345,347,NULL
347,38.886378740295,-7.007298285431,NULL,80,1,NULL,51,2,2,NULL,training,True,346,NULL,NULL
348,38.886378740295,-7.007298285431,NULL,80,1,NULL,51,3,3,NULL,training,True,NULL,349,NULL
349,38.886425104443,-7.006841030951,NULL,80,1,NULL,52,3,3,NULL,training,True,348,350,NULL
350,38.886297050993,-7.006819311975,NULL,80,1,NULL,47,3,3,NULL,training,True,349,351,NULL
351,38.886252306351,-7.007276099765,NULL,80,1,NULL,39,3,3,NULL,training,True,350,352,NULL
352,38.886252306351,-7.007276099765,NULL,80,1,NULL,39,3,3,NULL,training,True,351,353,NULL
353,38.886297050993,-7.006819311975,NULL,80,1,NULL,47,3,3,NULL,training,True,352,354,NULL
354,38.886425104443,-7.006841030951,NULL,80,1,NULL,52,3,3,NULL,training,True,353,355,NULL
355,38.886378740295,-7.007298285431,NULL,80,1,NULL,51,3,3,NULL,training,True,354,NULL,NULL
356,38.886378740295,-7.007298285431,NULL,80,1,NULL,51,3,3,NULL,training,True,NULL,357,NULL
357,38.886425104443,-7.006841030951,NULL,80,1,NULL,52,3,3,NULL,training,True,356,358,NULL
358,38.886297050993,-7.006819311975,NULL,80,1,NULL,47,3,3,NULL,training,True,357,359,NULL
359,38.886252306351,-7.007276099765,NULL,80,1,NULL,39,3,3,NULL,training,True,358,360,NULL
360,38.886252306351,-7.007276099765,NULL,80,1,NULL,39,3,3,NULL,training,True,359,361,NULL
361,38.886297050993,-7.006819311975,NULL,80,1,NULL,47,3,3,NULL,training,True,360,362,NULL
362,38.886425104443,-7.006841030951,NULL,80,1,NULL,52,3,3,NULL,training,True,361,363,NULL
363,38.886378740295,-7.007298285431,NULL,80,1,NULL,51,3,3,NULL,training,True,362,NULL,NULL
364,38.886378740295,-7.007298285431,NULL,80,1,NULL,51,4,4,NULL,training,True,NULL,365,NULL
365,38.886425104443,-7.006841030951,NULL,80,1,NULL,52,4,4,NULL,training,True,364,366,NULL
366,38.886297050993,-7.006819311975,NULL,80,1,NULL,47,4,4,NULL,training,True,365,367,NULL
367,38.886252306351,-7.007276099765,NULL,80,1,NULL,39,4,4,NULL,training,True,366,368,NULL
368,38.886252306351,-7.007276099765,NULL,80,1,NULL,39,4,4,NULL,training,True,367,369,NULL
369,38.886297050993,-7.006819311975,NULL,80,1,NULL,47,4,4,NULL,training,True,368,370,NULL
370,38.886425104443,-7.006841030951,NULL,80,1,NULL,52,4,4,NULL,training,True,369,371,NULL
371,38.886378740295,-7.007298285431,NULL,80,1,NULL,51,4,4,NULL,training,True,370,NULL,NULL
372,38.886378740295,-7.007298285431,NULL,80,1,NULL,51,4,4,NULL,training,True,NULL,373,NULL
373,38.886425104443,-7.006841030951,NULL,80,1,NULL,52,4,4,NULL,training,True,372,374,NULL
374,38.886297050993,-7.006819311975,NULL,80,1,NULL,47,4,4,NULL,training,True,373,375,NULL
375,38.886252306351,-7.007276099765,NULL,80,1,NULL,39,4,4,NULL,training,True,374,376,NULL
376,38.886252306351,-7.007276099765,NULL,80,1,NULL,39,4,4,NULL,training,True,375,377,NULL
377,38.886297050993,-7.006819311975,NULL,80,1,NULL,47,4,4,NULL,training,True,376,378,NULL
378,38.886425104443,-7.006841030951,NULL,80,1,NULL,52,4,4,NULL,training,True,377,379,NULL
379,38.886378740295,-7.007298285431,NULL,80,1,NULL,51,4,4,NULL,training,True,378,NULL,NULL
380,38.886236845126,-7.007454354994,NULL,80,1,NULL,34,0,0,NULL,training,True,NULL,381,NULL
381,38.886239940592,-7.007424008882,NULL,80,1,NULL,35,0,0,NULL,training,True,380,382,NULL
382,38.886194798301,-7.007416680937,NULL,80,1,NULL,19,0,0,NULL,training,True,381,383,NULL
383,38.886191703121,-7.007447026667,NULL,80,1,NULL,18,0,0,NULL,training,True,382,384,NULL
384,38.886236845126,-7.007454354994,NULL,80,1,NULL,34,0,0,NULL,training,True,383,385,NULL
385,38.886236845126,-7.007454354994,NULL,80,1,NULL,34,0,0,NULL,training,True,384,386,NULL
386,38.886191703121,-7.007447026667,NULL,80,1,NULL,18,0,0,NULL,training,True,385,387,NULL
387,38.886194798301,-7.007416680937,NULL,80,1,NULL,19,0,0,NULL,training,True,386,388,NULL
388,38.886239940592,-7.007424008882,NULL,80,1,NULL,35,0,0,NULL,training,True,387,389,NULL
389,38.886236845126,-7.007454354994,NULL,80,1,NULL,34,0,0,NULL,training,True,388,NULL,NULL
390,38.886236845126,-7.007454354994,NULL,80,1,NULL,34,0,0,NULL,training,True,NULL,391,NULL
391,38.886239940592,-7.007424008882,NULL,80,1,NULL,35,0,0,NULL,training,True,390,392,NULL
392,38.886194798301,-7.007416680937,NULL,80,1,NULL,19,0,0,NULL,training,True,391,393,NULL
393,38.886191703121,-7.007447026667,NULL,80,1,NULL,18,0,0,NULL,training,True,392,394,NULL
394,38.886236845126,-7.007454354994,NULL,80,1,NULL,34,0,0,NULL,training,True,393,395,NULL
395,38.886236845126,-7.007454354994,NULL,80,1,NULL,34,0,0,NULL,training,True,394,396,NULL
396,38.886191703121,-7.007447026667,NULL,80,1,NULL,18,0,0,NULL,training,True,395,397,NULL
397,38.886194798301,-7.007416680937,NULL,80,1,NULL,19,0,0,NULL,training,True,396,398,NULL
398,38.886239940592,-7.007424008882,NULL,80,1,NULL,35,0,0,NULL,training,True,397,399,NULL
399,38.886236845126,-7.007454354994,NULL,80,1,NULL,34,0,0,NULL,training,True,398,NULL,NULL
400,38.886236845126,-7.007454354994,NULL,80,1,NULL,34,1,1,NULL,training,True,NULL,401,NULL
401,38.886239940592,-7.007424008882,NULL,80,1,NULL,35,1,1,NULL,training,True,400,402,NULL
402,38.886194798301,-7.007416680937,NULL,80,1,NULL,19,1,1,NULL,training,True,401,403,NULL
403,38.886191703121,-7.007447026667,NULL,80,1,NULL,18,1,1,NULL,training,True,402,404,NULL
404,38.886236845126,-7.007454354994,NULL,80,1,NULL,34,1,1,NULL,training,True,403,405,NULL
405,38.886236845126,-7.007454354994,NULL,80,1,NULL,34,1,1,NULL,training,True,404,406,NULL
406,38.886191703121,-7.007447026667,NULL,80,1,NULL,18,1,1,NULL,training,True,405,407,NULL
407,38.886194798301,-7.007416680937,NULL,80,1,NULL,19,1,1,NULL,training,True,406,408,NULL
408,38.886239940592,-7.007424008882,NULL,80,1,NULL,35,1,1,NULL,training,True,407,409,NULL
409,38.886236845126,-7.007454354994,NULL,80,1,NULL,34,1,1,NULL,training,True,408,NULL,NULL
410,38.886236845126,-7.007454354994,NULL,80,1,NULL,34,1,1,NULL,training,True,NULL,411,NULL
411,38.886239940592,-7.007424008882,NULL,80,1,NULL,35,1,1,NULL,training,True,410,412,NULL
412,38.886194798301,-7.007416680937,NULL,80,1,NULL,19,1,1,NULL,training,True,411,413,NULL
413,38.886191703121,-7.007447026667,NULL,80,1,NULL,18,1,1,NULL,training,True,412,414,NULL
414,38.886236845126,-7.007454354994,NULL,80,1,NULL,34,1,1,NULL,training,True,413,415,NULL
415,38.886236845126,-7.007454354994,NULL,80,1,NULL,34,1,1,NULL,training,True,414,416,NULL
416,38.886191703121,-7.007447026667,NULL,80,1,NULL,18,1,1,NULL,training,True,415,417,NULL
417,38.886194798301,-7.007416680937,NULL,80,1,NULL,19,1,1,NULL,training,True,416,418,NULL
418,38.886239940592,-7.007424008882,NULL,80,1,NULL,35,1,1,NULL,training,True,417,419,NULL
419,38.886236845126,-7.007454354994,NULL,80,1,NULL,34,1,1,NULL,training,True,418,NULL,NULL
420,38.886236845126,-7.007454354994,NULL,80,1,NULL,34,2,2,NULL,training,True,NULL,421,NULL
421,38.886239940592,-7.007424008882,NULL,80,1,NULL,35,2,2,NULL,training,True,420,422,NULL
422,38.886194798301,-7.007416680937,NULL,80,1,NULL,19,2,2,NULL,training,True,421,423,NULL
423,38.886191703121,-7.007447026667,NULL,80,1,NULL,18,2,2,NULL,training,True,422,424,NULL
424,38.886236845126,-7.007454354994,NULL,80,1,NULL,34,2,2,NULL,training,True,423,425,NULL
425,38.886236845126,-7.007454354994,NULL,80,1,NULL,34,2,2,NULL,training,True,424,426,NULL
426,38.886191703121,-7.007447026667,NULL,80,1,NULL,18,2,2,NULL,training,True,425,427,NULL
427,38.886194798301,-7.007416680937,NULL,80,1,NULL,19,2,2,NULL,training,True,426,428,NULL
428,38.886239940592,-7.007424008882,NULL,80,1,NULL,35,2,2,NULL,training,True,427,429,NULL
429,38.886236845126,-7.007454354994,NULL,80,1,NULL,34,2,2,NULL,training,True,428,NULL,NULL
430,38.886236845126,-7.007454354994,NULL,80,1,NULL,34,2,2,NULL,training,True,NULL,431,NULL
431,38.886239940592,-7.007424008882,NULL,80,1,NULL,35,2,2,NULL,training,True,430,432,NULL
432,38.886194798301,-7.007416680937,NULL,80,1,NULL,19,2,2,NULL,training,True,431,433,NULL
433,38.886191703121,-7.007447026667,NULL,80,1,NULL,18,2,2,NULL,training,True,432,434,NULL
434,38.886236845126,-7.007454354994,NULL,80,1,NULL,34,2,2,NULL,training,True,433,435,NULL
435,38.886236845126,-7.007454354994,NULL,80,1,NULL,34,2,2,NULL,training,True,434,436,NULL
436,38.886191703121,-7.007447026667,NULL,80,1,NULL,18,2,2,NULL,training,True,435,437,NULL
437,38.886194798301,-7.007416680937,NULL,80,1,NULL,19,2,2,NULL,training,True,436,438,NULL
438,38.886239940592,-7.007424008882,NULL,80,1,NULL,35,2,2,NULL,training,True,437,439,NULL
439,38.886236845126,-7.007454354994,NULL,80,1,NULL,34,2,2,NULL,training,True,438,NULL,NULL
440,38.886236845126,-7.007454354994,NULL,80,1,NULL,34,3,3,NULL,training,True,NULL,441,NULL
441,38.886239940592,-7.007424008882,NULL,80,1,NULL,35,3,3,NULL,training,True,440,442,NULL
442,38.886194798301,-7.007416680937,NULL,80,1,NULL,19,3,3,NULL,training,True,441,443,NULL
443,38.886191703121,-7.007447026667,NULL,80,1,NULL,18,3,3,NULL,training,True,442,444,NULL
444,38.886236845126,-7.007454354994,NULL,80,1,NULL,34,3,3,NULL,training,True,443,445,NULL
445,38.886236845126,-7.007454354994,NULL,80,1,NULL,34,3,3,NULL,training,True,444,446,NULL
446,38.886191703121,-7.007447026667,NULL,80,1,NULL,18,3,3,NULL,training,True,445,447,NULL
447,38.886194798301,-7.007416680937,NULL,80,1,NULL,19,3,3,NULL,training,True,446,448,NULL
448,38.886239940592,-7.007424008882,NULL,80,1,NULL,35,3,3,NULL,training,True,447,449,NULL
449,38.886236845126,-7.007454354994,NULL,80,1,NULL,34,3,3,NULL,training,True,448,NULL,NULL
450,38.886236845126,-7.007454354994,NULL,80,1,NULL,34,3,3,NULL,training,True,NULL,451,NULL
451,38.886239940592,-7.007424008882,NULL,80,1,NULL,35,3,3,NULL,training,True,450,452,NULL
452,38.886194798301,-7.007416680937,NULL,80,1,NULL,19,3,3,NULL,training,True,451,453,NULL
453,38.886191703121,-7.007447026667,NULL,80,1,NULL,18,3,3,NULL,training,True,452,454,NULL
454,38.886236845126,-7.007454354994,NULL,80,1,NULL,34,3,3,NULL,training,True,453,455,NULL
455,38.886236845126,-7.007454354994,NULL,80,1,NULL,34,3,3,NULL,training,True,454,456,NULL
456,38.886191703121,-7.007447026667,NULL,80,1,NULL,18,3,3,NULL,training,True,455,457,NULL
457,38.886194798301,-7.007416680937,NULL,80,1,NULL,19,3,3,NULL,training,True,456,458,NULL
458,38.886239940592,-7.007424008882,NULL,80,1,NULL,35,3,3,NULL,training,True,457,459,NULL
459,38.886236845126,-7.007454354994,NULL,80,1,NULL,34,3,3,NULL,training,True,458,NULL,NULL
460,38.886236845126,-7.007454354994,NULL,80,1,NULL,34,4,4,NULL,training,True,NULL,461,NULL
461,38.886239940592,-7.007424008882,NULL,80,1,NULL,35,4,4,NULL,training,True,460,462,NULL
462,38.886194798301,-7.007416680937,NULL,80,1,NULL,19,4,4,NULL,training,True,461,463,NULL
463,38.886191703121,-7.007447026667,NULL,80,1,NULL,18,4,4,NULL,training,True,462,464,NULL
464,38.886236845126,-7.007454354994,NULL,80,1,NULL,34,4,4,NULL,training,True,463,465,NULL
465,38.886236845126,-7.007454354994,NULL,80,1,NULL,34,4,4,NULL,training,True,464,466,NULL
466,38.886191703121,-7.007447026667,NULL,80,1,NULL,18,4,4,NULL,training,True,465,467,NULL
467,38.886194798301,-7.007416680937,NULL,80,1,NULL,19,4,4,NULL,training,True,466,468,NULL
468,38.886239940592,-7.007424008882,NULL,80,1,NULL,35,4,4,NULL,training,True,467,469,NULL
469,38.886236845126,-7.007454354994,NULL,80,1,NULL,34,4,4,NULL,training,True,468,NULL,NULL
470,38.886236845126,-7.007454354994,NULL,80,1,NULL,34,4,4,NULL,training,True,NULL,471,NULL
471,38.886239940592,-7.007424008882,NULL,80,1,NULL,35,4,4,NULL,training,True,470,472,NULL
472,38.886194798301,-7.007416680937,NULL,80,1,NULL,19,4,4,NULL,training,True,471,473,NULL
473,38.886191703121,-7.007447026667,NULL,80,1,NULL,18,4,4,NULL,training,True,472,474,NULL
474,38.886236845126,-7.007454354994,NULL,80,1,NULL,34,4,4,NULL,training,True,473,475,NULL
475,38.886236845126,-7.007454354994,NULL,80,1,NULL,34,4,4,NULL,training,True,474,476,NULL
476,38.886191703121,-7.007447026667,NULL,80,1,NULL,18,4,4,NULL,training,True,475,477,NULL
477,38.886194798301,-7.007416680937,NULL,80,1,NULL,19,4,4,NULL,training,True,476,478,NULL
478,38.886239940592,-7.007424008882,NULL,80,1,NULL,35,4,4,NULL,training,True,477,479,NULL
479,38.886236845126,-7.007454354994,NULL,80,1,NULL,34,4,4,NULL,training,True,478,NULL,NULL
480,38.886202309719,-7.007396871991,NULL,80,1,NULL,21,0,0,NULL,training,True,NULL,481,NULL
481,38.886224491457,-7.007179395367,NULL,80,1,NULL,33,0,0,NULL,training,True,480,482,NULL
482,38.886168506003,-7.007391384636,NULL,80,1,NULL,13,0,0,NULL,training,True,481,483,NULL
483,38.886190688011,-7.007173908056,NULL,80,1,NULL,17,0,0,NULL,training,True,482,484,NULL
484,38.886190688011,-7.007173908056,NULL,80,1,NULL,17,0,0,NULL,training,True,483,485,NULL
485,38.886168506003,-7.007391384636,NULL,80,1,NULL,13,0,0,NULL,training,True,484,486,NULL
486,38.886224491457,-7.007179395367,NULL,80,1,NULL,33,0,0,NULL,training,True,485,487,NULL
487,38.886202309719,-7.007396871991,NULL,80,1,NULL,21,0,0,NULL,training,True,486,NULL,NULL
488,38.886202309719,-7.007396871991,NULL,80,1,NULL,21,0,0,NULL,training,True,NULL,489,NULL
489,38.886224491457,-7.007179395367,NULL,80,1,NULL,33,0,0,NULL,training,True,488,490,NULL
490,38.886168506003,-7.007391384636,NULL,80,1,NULL,13,0,0,NULL,training,True,489,491,NULL
491,38.886190688011,-7.007173908056,NULL,80,1,NULL,17,0,0,NULL,training,True,490,492,NULL
492,38.886190688011,-7.007173908056,NULL,80,1,NULL,17,0,0,NULL,training,True,491,493,NULL
493,38.886168506003,-7.007391384636,NULL,80,1,NULL,13,0,0,NULL,training,True,492,494,NULL
494,38.886224491457,-7.007179395367,NULL,80,1,NULL,33,0,0,NULL,training,True,493,495,NULL
495,38.886202309719,-7.007396871991,NULL,80,1,NULL,21,0,0,NULL,training,True,494,NULL,NULL
496,38.886202309719,-7.007396871991,NULL,80,1,NULL,21,1,1,NULL,training,True,NULL,497,NULL
497,38.886224491457,-7.007179395367,NULL,80,1,NULL,33,1,1,NULL,training,True,496,498,NULL
498,38.886168506003,-7.007391384636,NULL,80,1,NULL,13,1,1,NULL,training,True,497,499,NULL
499,38.886190688011,-7.007173908056,NULL,80,1,NULL,17,1,1,NULL,training,True,498,500,NULL
500,38.886190688011,-7.007173908056,NULL,80,1,NULL,17,1,1,NULL,training,True,499,501,NULL
501,38.886168506003,-7.007391384636,NULL,80,1,NULL,13,1,1,NULL,training,True,500,502,NULL
502,38.886224491457,-7.007179395367,NULL,80,1,NULL,33,1,1,NULL,training,True,501,503,NULL
503,38.886202309719,-7.007396871991,NULL,80,1,NULL,21,1,1,NULL,training,True,502,NULL,NULL
504,38.886202309719,-7.007396871991,NULL,80,1,NULL,21,1,1,NULL,training,True,NULL,505,NULL
505,38.886224491457,-7.007179395367,NULL,80,1,NULL,33,1,1,NULL,training,True,504,506,NULL
506,38.886168506003,-7.007391384636,NULL,80,1,NULL,13,1,1,NULL,training,True,505,507,NULL
507,38.886190688011,-7.007173908056,NULL,80,1,NULL,17,1,1,NULL,training,True,506,508,NULL
508,38.886190688011,-7.007173908056,NULL,80,1,NULL,17,1,1,NULL,training,True,507,509,NULL
509,38.886168506003,-7.007391384636,NULL,80,1,NULL,13,1,1,NULL,training,True,508,510,NULL
510,38.886224491457,-7.007179395367,NULL,80,1,NULL,33,1,1,NULL,training,True,509,511,NULL
511,38.886202309719,-7.007396871991,NULL,80,1,NULL,21,1,1,NULL,training,True,510,NULL,NULL
512,38.886202309719,-7.007396871991,NULL,80,1,NULL,21,2,2,NULL,training,True,NULL,513,NULL
513,38.886224491457,-7.007179395367,NULL,80,1,NULL,33,2,2,NULL,training,True,512,514,NULL
514,38.886168506003,-7.007391384636,NULL,80,1,NULL,13,2,2,NULL,training,True,513,515,NULL
515,38.886190688011,-7.007173908056,NULL,80,1,NULL,17,2,2,NULL,training,True,514,516,NULL
516,38.886190688011,-7.007173908056,NULL,80,1,NULL,17,2,2,NULL,training,True,515,517,NULL
517,38.886168506003,-7.007391384636,NULL,80,1,NULL,13,2,2,NULL,training,True,516,518,NULL
518,38.886224491457,-7.007179395367,NULL,80,1,NULL,33,2,2,NULL,training,True,517,519,NULL
519,38.886202309719,-7.007396871991,NULL,80,1,NULL,21,2,2,NULL,training,True,518,NULL,NULL
520,38.886202309719,-7.007396871991,NULL,80,1,NULL,21,2,2,NULL,training,True,NULL,521,NULL
521,38.886224491457,-7.007179395367,NULL,80,1,NULL,33,2,2,NULL,training,True,520,522,NULL
522,38.886168506003,-7.007391384636,NULL,80,1,NULL,13,2,2,NULL,training,True,521,523,NULL
523,38.886190688011,-7.007173908056,NULL,80,1,NULL,17,2,2,NULL,training,True,522,524,NULL
524,38.886190688011,-7.007173908056,NULL,80,1,NULL,17,2,2,NULL,training,True,523,525,NULL
525,38.886168506003,-7.007391384636,NULL,80,1,NULL,13,2,2,NULL,training,True,524,526,NULL
526,38.886224491457,-7.007179395367,NULL,80,1,NULL,33,2,2,NULL,training,True,525,527,NULL
527,38.886202309719,-7.007396871991,NULL,80,1,NULL,21,2,2,NULL,training,True,526,NULL,NULL
528,38.886202309719,-7.007396871991,NULL,80,1,NULL,21,3,3,NULL,training,True,NULL,529,NULL
529,38.886224491457,-7.007179395367,NULL,80,1,NULL,33,3,3,NULL,training,True,528,530,NULL
530,38.886168506003,-7.007391384636,NULL,80,1,NULL,13,3,3,NULL,training,True,529,531,NULL
531,38.886190688011,-7.007173908056,NULL,80,1,NULL,17,3,3,NULL,training,True,530,532,NULL
532,38.886190688011,-7.007173908056,NULL,80,1,NULL,17,3,3,NULL,training,True,531,533,NULL
533,38.886168506003,-7.007391384636,NULL,80,1,NULL,13,3,3,NULL,training,True,532,534,NULL
534,38.886224491457,-7.007179395367,NULL,80,1,NULL,33,3,3,NULL,training,True,533,535,NULL
535,38.886202309719,-7.007396871991,NULL,80,1,NULL,21,3,3,NULL,training,True,534,NULL,NULL
536,38.886202309719,-7.007396871991,NULL,80,1,NULL,21,3,3,NULL,training,True,NULL,537,NULL
537,38.886224491457,-7.007179395367,NULL,80,1,NULL,33,3,3,NULL,training,True,536,538,NULL
538,38.886168506003,-7.007391384636,NULL,80,1,NULL,13,3,3,NULL,training,True,537,539,NULL
539,38.886190688011,-7.007173908056,NULL,80,1,NULL,17,3,3,NULL,training,True,538,540,NULL
540,38.886190688011,-7.007173908056,NULL,80,1,NULL,17,3,3,NULL,training,True,539,541,NULL
541,38.886168506003,-7.007391384636,NULL,80,1,NULL,13,3,3,NULL,training,True,540,542,NULL
542,38.886224491457,-7.007179395367,NULL,80,1,NULL,33,3,3,NULL,training,True,541,543,NULL
543,38.886202309719,-7.007396871991,NULL,80,1,NULL,21,3,3,NULL,training,True,542,NULL,NULL
544,38.886202309719,-7.007396871991,NULL,80,1,NULL,21,4,4,NULL,training,True,NULL,545,NULL
545,38.886224491457,-7.007179395367,NULL,80,1,NULL,33,4,4,NULL,training,True,544,546,NULL
546,38.886168506003,-7.007391384636,NULL,80,1,NULL,13,4,4,NULL,training,True,545,547,NULL
547,38.886190688011,-7.007173908056,NULL,80,1,NULL,17,4,4,NULL,training,True,546,548,NULL
548,38.886190688011,-7.007173908056,NULL,80,1,NULL,17,4,4,NULL,training,True,547,549,NULL
549,38.886168506003,-7.007391384636,NULL,80,1,NULL,13,4,4,NULL,training,True,548,550,NULL
550,38.886224491457,-7.007179395367,NULL,80,1,NULL,33,4,4,NULL,training,True,549,551,NULL
551,38.886202309719,-7.007396871991,NULL,80,1,NULL,21,4,4,NULL,training,True,550,NULL,NULL
552,38.886202309719,-7.007396871991,NULL,80,1,NULL,21,4,4,NULL,training,True,NULL,553,NULL
553,38.886224491457,-7.007179395367,NULL,80,1,NULL,33,4,4,NULL,training,True,552,554,NULL
554,38.886168506003,-7.007391384636,NULL,80,1,NULL,13,4,4,NULL,training,True,553,555,NULL
555,38.886190688011,-7.007173908056,NULL,80,1,NULL,17,4,4,NULL,training,True,554,556,NULL
556,38.886190688011,-7.007173908056,NULL,80,1,NULL,17,4,4,NULL,training,True,555,557,NULL
557,38.886168506003,-7.007391384636,NULL,80,1,NULL,13,4,4,NULL,training,True,556,558,NULL
558,38.886224491457,-7.007179395367,NULL,80,1,NULL,33,4,4,NULL,training,True,557,559,NULL
559,38.886202309719,-7.007396871991,NULL,80,1,NULL,21,4,4,NULL,training,True,558,NULL,NULL
560,38.886242021952,-7.007162350017,NULL,80,1,NULL,36,0,0,NULL,training,True,NULL,561,NULL
561,38.886245361459,-7.007127647085,NULL,80,1,NULL,38,0,0,NULL,training,True,560,562,NULL
562,38.886207762864,-7.007158288257,NULL,80,1,NULL,24,0,0,NULL,training,True,561,563,NULL
563,38.886242021952,-7.007162350017,NULL,80,1,NULL,36,0,0,NULL,training,True,562,564,NULL
564,38.886242021952,-7.007162350017,NULL,80,1,NULL,36,0,0,NULL,training,True,563,565,NULL
565,38.886207762864,-7.007158288257,NULL,80,1,NULL,24,0,0,NULL,training,True,564,566,NULL
566,38.886245361459,-7.007127647085,NULL,80,1,NULL,38,0,0,NULL,training,True,565,567,NULL
567,38.886242021952,-7.007162350017,NULL,80,1,NULL,36,0,0,NULL,training,True,566,NULL,NULL
568,38.886242021952,-7.007162350017,NULL,80,1,NULL,36,0,0,NULL,training,True,NULL,569,NULL
569,38.886245361459,-7.007127647085,NULL,80,1,NULL,38,0,0,NULL,training,True,568,570,NULL
570,38.886207762864,-7.007158288257,NULL,80,1,NULL,24,0,0,NULL,training,True,569,571,NULL
571,38.886242021952,-7.007162350017,NULL,80,1,NULL,36,0,0,NULL,training,True,570,572,NULL
572,38.886242021952,-7.007162350017,NULL,80,1,NULL,36,0,0,NULL,training,True,571,573,NULL
573,38.886207762864,-7.007158288257,NULL,80,1,NULL,24,0,0,NULL,training,True,572,574,NULL
574,38.886245361459,-7.007127647085,NULL,80,1,NULL,38,0,0,NULL,training,True,573,575,NULL
575,38.886242021952,-7.007162350017,NULL,80,1,NULL,36,0,0,NULL,training,True,574,NULL,NULL
576,38.886242021952,-7.007162350017,NULL,80,1,NULL,36,1,1,NULL,training,True,NULL,577,NULL
577,38.886245361459,-7.007127647085,NULL,80,1,NULL,38,1,1,NULL,training,True,576,578,NULL
578,38.886207762864,-7.007158288257,NULL,80,1,NULL,24,1,1,NULL,training,True,577,579,NULL
579,38.886242021952,-7.007162350017,NULL,80,1,NULL,36,1,1,NULL,training,True,578,580,NULL
580,38.886242021952,-7.007162350017,NULL,80,1,NULL,36,1,1,NULL,training,True,579,581,NULL
581,38.886207762864,-7.007158288257,NULL,80,1,NULL,24,1,1,NULL,training,True,580,582,NULL
582,38.886245361459,-7.007127647085,NULL,80,1,NULL,38,1,1,NULL,training,True,581,583,NULL
583,38.886242021952,-7.007162350017,NULL,80,1,NULL,36,1,1,NULL,training,True,582,NULL,NULL
584,38.886242021952,-7.007162350017,NULL,80,1,NULL,36,1,1,NULL,training,True,NULL,585,NULL
585,38.886245361459,-7.007127647085,NULL,80,1,NULL,38,1,1,NULL,training,True,584,586,NULL
586,38.886207762864,-7.007158288257,NULL,80,1,NULL,24,1,1,NULL,training,True,585,587,NULL
587,38.886242021952,-7.007162350017,NULL,80,1,NULL,36,1,1,NULL,training,True,586,588,NULL
588,38.886242021952,-7.007162350017,NULL,80,1,NULL,36,1,1,NULL,training,True,587,589,NULL
589,38.886207762864,-7.007158288257,NULL,80,1,NULL,24,1,1,NULL,training,True,588,590,NULL
590,38.886245361459,-7.007127647085,NULL,80,1,NULL,38,1,1,NULL,training,True,589,591,NULL
591,38.886242021952,-7.007162350017,NULL,80,1,NULL,36,1,1,NULL,training,True,590,NULL,NULL
592,38.886242021952,-7.007162350017,NULL,80,1,NULL,36,2,2,NULL,training,True,NULL,593,NULL
593,38.886245361459,-7.007127647085,NULL,80,1,NULL,38,2,2,NULL,training,True,592,594,NULL
594,38.886207762864,-7.007158288257,NULL,80,1,NULL,24,2,2,NULL,training,True,593,595,NULL
595,38.886242021952,-7.007162350017,NULL,80,1,NULL,36,2,2,NULL,training,True,594,596,NULL
596,38.886242021952,-7.007162350017,NULL,80,1,NULL,36,2,2,NULL,training,True,595,597,NULL
597,38.886207762864,-7.007158288257,NULL,80,1,NULL,24,2,2,NULL,training,True,596,598,NULL
598,38.886245361459,-7.007127647085,NULL,80,1,NULL,38,2,2,NULL,training,True,597,599,NULL
599,38.886242021952,-7.007162350017,NULL,80,1,NULL,36,2,2,NULL,training,True,598,NULL,NULL
600,38.886242021952,-7.007162350017,NULL,80,1,NULL,36,2,2,NULL,training,True,NULL,601,NULL
601,38.886245361459,-7.007127647085,NULL,80,1,NULL,38,2,2,NULL,training,True,600,602,NULL
602,38.886207762864,-7.007158288257,NULL,80,1,NULL,24,2,2,NULL,training,True,601,603,NULL
603,38.886242021952,-7.007162350017,NULL,80,1,NULL,36,2,2,NULL,training,True,602,604,NULL
604,38.886242021952,-7.007162350017,NULL,80,1,NULL,36,2,2,NULL,training,True,603,605,NULL
605,38.886207762864,-7.007158288257,NULL,80,1,NULL,24,2,2,NULL,training,True,604,606,NULL
606,38.886245361459,-7.007127647085,NULL,80,1,NULL,38,2,2,NULL,training,True,605,607,NULL
607,38.886242021952,-7.007162350017,NULL,80,1,NULL,36,2,2,NULL,training,True,606,NULL,NULL
608,38.886242021952,-7.007162350017,NULL,80,1,NULL,36,3,3,NULL,training,True,NULL,609,NULL
609,38.886245361459,-7.007127647085,NULL,80,1,NULL,38,3,3,NULL,training,True,608,610,NULL
610,38.886207762864,-7.007158288257,NULL,80,1,NULL,24,3,3,NULL,training,True,609,611,NULL
611,38.886242021952,-7.007162350017,NULL,80,1,NULL,36,3,3,NULL,training,True,610,612,NULL
612,38.886242021952,-7.007162350017,NULL,80,1,NULL,36,3,3,NULL,training,True,611,613,NULL
613,38.886207762864,-7.007158288257,NULL,80,1,NULL,24,3,3,NULL,training,True,612,614,NULL
614,38.886245361459,-7.007127647085,NULL,80,1,NULL,38,3,3,NULL,training,True,613,615,NULL
615,38.886242021952,-7.007162350017,NULL,80,1,NULL,36,3,3,NULL,training,True,614,NULL,NULL
616,38.886242021952,-7.007162350017,NULL,80,1,NULL,36,3,3,NULL,training,True,NULL,617,NULL
617,38.886245361459,-7.007127647085,NULL,80,1,NULL,38,3,3,NULL,training,True,616,618,NULL
618,38.886207762864,-7.007158288257,NULL,80,1,NULL,24,3,3,NULL,training,True,617,619,NULL
619,38.886242021952,-7.007162350017,NULL,80,1,NULL,36,3,3,NULL,training,True,618,620,NULL
620,38.886242021952,-7.007162350017,NULL,80,1,NULL,36,3,3,NULL,training,True,619,621,NULL
621,38.886207762864,-7.007158288257,NULL,80,1,NULL,24,3,3,NULL,training,True,620,622,NULL
622,38.886245361459,-7.007127647085,NULL,80,1,NULL,38,3,3,NULL,training,True,621,623,NULL
623,38.886242021952,-7.007162350017,NULL,80,1,NULL,36,3,3,NULL,training,True,622,NULL,NULL
624,38.886242021952,-7.007162350017,NULL,80,1,NULL,36,4,4,NULL,training,True,NULL,625,NULL
625,38.886245361459,-7.007127647085,NULL,80,1,NULL,38,4,4,NULL,training,True,624,626,NULL
626,38.886207762864,-7.007158288257,NULL,80,1,NULL,24,4,4,NULL,training,True,625,627,NULL
627,38.886242021952,-7.007162350017,NULL,80,1,NULL,36,4,4,NULL,training,True,626,628,NULL
628,38.886242021952,-7.007162350017,NULL,80,1,NULL,36,4,4,NULL,training,True,627,629,NULL
629,38.886207762864,-7.007158288257,NULL,80,1,NULL,24,4,4,NULL,training,True,628,630,NULL
630,38.886245361459,-7.007127647085,NULL,80,1,NULL,38,4,4,NULL,training,True,629,631,NULL
631,38.886242021952,-7.007162350017,NULL,80,1,NULL,36,4,4,NULL,training,True,630,NULL,NULL
632,38.886242021952,-7.007162350017,NULL,80,1,NULL,36,4,4,NULL,training,True,NULL,633,NULL
633,38.886245361459,-7.007127647085,NULL,80,1,NULL,38,4,4,NULL,training,True,632,634,NULL
634,38.886207762864,-7.007158288257,NULL,80,1,NULL,24,4,4,NULL,training,True,633,635,NULL
635,38.886242021952,-7.007162350017,NULL,80,1,NULL,36,4,4,NULL,training,True,634,636,NULL
636,38.886242021952,-7.007162350017,NULL,80,1,NULL,36,4,4,NULL,training,True,635,637,NULL
637,38.886207762864,-7.007158288257,NULL,80,1,NULL,24,4,4,NULL,training,True,636,638,NULL
638,38.886245361459,-7.007127647085,NULL,80,1,NULL,38,4,4,NULL,training,True,637,639,NULL
639,38.886242021952,-7.007162350017,NULL,80,1,NULL,36,4,4,NULL,training,True,638,NULL,NULL
640,38.886257188367,-7.007254264511,NULL,80,0,NULL,2,0,0,NULL,training,True,NULL,641,NULL
641,38.886278542427,-7.007018988466,NULL,80,0,NULL,3,0,0,NULL,training,True,640,642,NULL
642,38.886314849441,-7.007025619961,NULL,80,0,NULL,7,0,0,NULL,training,True,641,643,NULL
643,38.886297050993,-7.006819311975,NULL,80,0,NULL,6,0,0,NULL,training,True,642,644,NULL
644,38.886278542427,-7.007018988466,NULL,80,0,NULL,3,0,0,NULL,training,True,643,645,NULL
645,38.886278542427,-7.007018988466,NULL,80,0,NULL,3,0,0,NULL,training,True,644,646,NULL
646,38.886297050993,-7.006819311975,NULL,80,0,NULL,6,0,0,NULL,training,True,645,647,NULL
647,38.886314849441,-7.007025619961,NULL,80,0,NULL,7,0,0,NULL,training,True,646,648,NULL
648,38.886278542427,-7.007018988466,NULL,80,0,NULL,3,0,0,NULL,training,True,647,649,NULL
649,38.886257188367,-7.007254264511,NULL,80,0,NULL,2,0,0,NULL,training,True,648,NULL,NULL
650,38.886257188367,-7.007254264511,NULL,80,0,NULL,2,0,0,NULL,training,True,NULL,651,NULL
651,38.886278542427,-7.007018988466,NULL,80,0,NULL,3,0,0,NULL,training,True,650,652,NULL
652,38.886314849441,-7.007025619961,NULL,80,0,NULL,7,0,0,NULL,training,True,651,653,NULL
653,38.886297050993,-7.006819311975,NULL,80,0,NULL,6,0,0,NULL,training,True,652,654,NULL
654,38.886278542427,-7.007018988466,NULL,80,0,NULL,3,0,0,NULL,training,True,653,655,NULL
655,38.886278542427,-7.007018988466,NULL,80,0,NULL,3,0,0,NULL,training,True,654,656,NULL
656,38.886297050993,-7.006819311975,NULL,80,0,NULL,6,0,0,NULL,training,True,655,657,NULL
657,38.886314849441,-7.007025619961,NULL,80,0,NULL,7,0,0,NULL,training,True,656,658,NULL
658,38.886278542427,-7.007018988466,NULL,80,0,NULL,3,0,0,NULL,training,True,657,659,NULL
659,38.886257188367,-7.007254264511,NULL,80,0,NULL,2,0,0,NULL,training,True,658,NULL,NULL
660,38.886257188367,-7.007254264511,NULL,80,0,NULL,2,1,1,NULL,training,True,NULL,661,NULL
661,38.886278542427,-7.007018988466,NULL,80,0,NULL,3,1,1,NULL,training,True,660,662,NULL
662,38.886314849441,-7.007025619961,NULL,80,0,NULL,7,1,1,NULL,training,True,661,663,NULL
663,38.886297050993,-7.006819311975,NULL,80,0,NULL,6,1,1,NULL,training,True,662,664,NULL
664,38.886278542427,-7.007018988466,NULL,80,0,NULL,3,1,1,NULL,training,True,663,665,NULL
665,38.886278542427,-7.007018988466,NULL,80,0,NULL,3,1,1,NULL,training,True,664,666,NULL
666,38.886297050993,-7.006819311975,NULL,80,0,NULL,6,1,1,NULL,training,True,665,667,NULL
667,38.886314849441,-7.007025619961,NULL,80,0,NULL,7,1,1,NULL,training,True,666,668,NULL
668,38.886278542427,-7.007018988466,NULL,80,0,NULL,3,1,1,NULL,training,True,667,669,NULL
669,38.886257188367,-7.007254264511,NULL,80,0,NULL,2,1,1,NULL,training,True,668,NULL,NULL
670,38.886257188367,-7.007254264511,NULL,80,0,NULL,2,1,1,NULL,training,True,NULL,671,NULL
671,38.886278542427,-7.007018988466,NULL,80,0,NULL,3,1,1,NULL,training,True,670,672,NULL
672,38.886314849441,-7.007025619961,NULL,80,0,NULL,7,1,1,NULL,training,True,671,673,NULL
673,38.886297050993,-7.006819311975,NULL,80,0,NULL,6,1,1,NULL,training,True,672,674,NULL
674,38.886278542427,-7.007018988466,NULL,80,0,NULL,3,1,1,NULL,training,True,673,675,NULL
675,38.886278542427,-7.007018988466,NULL,80,0,NULL,3,1,1,NULL,training,True,674,676,NULL
676,38.886297050993,-7.006819311975,NULL,80,0,NULL,6,1,1,NULL,training,True,675,677,NULL
677,38.886314849441,-7.007025619961,NULL,80,0,NULL,7,1,1,NULL,training,True,676,678,NULL
678,38.886278542427,-7.007018988466,NULL,80,0,NULL,3,1,1,NULL,training,True,677,679,NULL
679,38.886257188367,-7.007254264511,NULL,80,0,NULL,2,1,1,NULL,training,True,678,NULL,NULL
680,38.886257188367,-7.007254264511,NULL,80,0,NULL,2,2,2,NULL,training,True,NULL,681,NULL
681,38.886278542427,-7.007018988466,NULL,80,0,NULL,3,2,2,NULL,training,True,680,682,NULL
682,38.886314849441,-7.007025619961,NULL,80,0,NULL,7,2,2,NULL,training,True,681,683,NULL
683,38.886297050993,-7.006819311975,NULL,80,0,NULL,6,2,2,NULL,training,True,682,684,NULL
684,38.886278542427,-7.007018988466,NULL,80,0,NULL,3,2,2,NULL,training,True,683,685,NULL
685,38.886278542427,-7.007018988466,NULL,80,0,NULL,3,2,2,NULL,training,True,684,686,NULL
686,38.886297050993,-7.006819311975,NULL,80,0,NULL,6,2,2,NULL,training,True,685,687,NULL
687,38.886314849441,-7.007025619961,NULL,80,0,NULL,7,2,2,NULL,training,True,686,688,NULL
688,38.886278542427,-7.007018988466,NULL,80,0,NULL,3,2,2,NULL,training,True,687,689,NULL
689,38.886257188367,-7.007254264511,NULL,80,0,NULL,2,2,2,NULL,training,True,688,NULL,NULL
690,38.886257188367,-7.007254264511,NULL,80,0,NULL,2,2,2,NULL,training,True,NULL,691,NULL
691,38.886278542427,-7.007018988466,NULL,80,0,NULL,3,2,2,NULL,training,True,690,692,NULL
692,38.886314849441,-7.007025619961,NULL,80,0,NULL,7,2,2,NULL,training,True,691,693,NULL
693,38.886297050993,-7.006819311975,NULL,80,0,NULL,6,2,2,NULL,training,True,692,694,NULL
694,38.886278542427,-7.007018988466,NULL,80,0,NULL,3,2,2,NULL,training,True,693,695,NULL
695,38.886278542427,-7.007018988466,NULL,80,0,NULL,3,2,2,NULL,training,True,694,696,NULL
696,38.886297050993,-7.006819311975,NULL,80,0,NULL,6,2,2,NULL,training,True,695,697,NULL
697,38.886314849441,-7.007025619961,NULL,80,0,NULL,7,2,2,NULL,training,True,696,698,NULL
698,38.886278542427,-7.007018988466,NULL,80,0,NULL,3,2,2,NULL,training,True,697,699,NULL
699,38.886257188367,-7.007254264511,NULL,80,0,NULL,2,2,2,NULL,training,True,698,NULL,NULL
700,38.886257188367,-7.007254264511,NULL,80,0,NULL,2,3,3,NULL,training,True,NULL,701,NULL
701,38.886278542427,-7.007018988466,NULL,80,0,NULL,3,3,3,NULL,training,True,700,702,NULL
702,38.886314849441,-7.007025619961,NULL,80,0,NULL,7,3,3,NULL,training,True,701,703,NULL
703,38.886297050993,-7.006819311975,NULL,80,0,NULL,6,3,3,NULL,training,True,702,704,NULL
704,38.886278542427,-7.007018988466,NULL,80,0,NULL,3,3,3,NULL,training,True,703,705,NULL
705,38.886278542427,-7.007018988466,NULL,80,0,NULL,3,3,3,NULL,training,True,704,706,NULL
706,38.886297050993,-7.006819311975,NULL,80,0,NULL,6,3,3,NULL,training,True,705,707,NULL
707,38.886314849441,-7.007025619961,NULL,80,0,NULL,7,3,3,NULL,training,True,706,708,NULL
708,38.886278542427,-7.007018988466,NULL,80,0,NULL,3,3,3,NULL,training,True,707,709,NULL
709,38.886257188367,-7.007254264511,NULL,80,0,NULL,2,3,3,NULL,training,True,708,NULL,NULL
710,38.886257188367,-7.007254264511,NULL,80,0,NULL,2,3,3,NULL,training,True,NULL,711,NULL
711,38.886278542427,-7.007018988466,NULL,80,0,NULL,3,3,3,NULL,training,True,710,712,NULL
712,38.886314849441,-7.007025619961,NULL,80,0,NULL,7,3,3,NULL,training,True,711,713,NULL
713,38.886297050993,-7.006819311975,NULL,80,0,NULL,6,3,3,NULL,training,True,712,714,NULL
714,38.886278542427,-7.007018988466,NULL,80,0,NULL,3,3,3,NULL,training,True,713,715,NULL
715,38.886278542427,-7.007018988466,NULL,80,0,NULL,3,3,3,NULL,training,True,714,716,NULL
716,38.886297050993,-7.006819311975,NULL,80,0,NULL,6,3,3,NULL,training,True,715,717,NULL
717,38.886314849441,-7.007025619961,NULL,80,0,NULL,7,3,3,NULL,training,True,716,718,NULL
718,38.886278542427,-7.007018988466,NULL,80,0,NULL,3,3,3,NULL,training,True,717,719,NULL
719,38.886257188367,-7.007254264511,NULL,80,0,NULL,2,3,3,NULL,training,True,718,NULL,NULL
720,38.886257188367,-7.007254264511,NULL,80,0,NULL,2,4,4,NULL,training,True,NULL,721,NULL
721,38.886278542427,-7.007018988466,NULL,80,0,NULL,3,4,4,NULL,training,True,720,722,NULL
722,38.886314849441,-7.007025619961,NULL,80,0,NULL,7,4,4,NULL,training,True,721,723,NULL
723,38.886297050993,-7.006819311975,NULL,80,0,NULL,6,4,4,NULL,training,True,722,724,NULL
724,38.886278542427,-7.007018988466,NULL,80,0,NULL,3,4,4,NULL,training,True,723,725,NULL
725,38.886278542427,-7.007018988466,NULL,80,0,NULL,3,4,4,NULL,training,True,724,726,NULL
726,38.886297050993,-7.006819311975,NULL,80,0,NULL,6,4,4,NULL,training,True,725,727,NULL
727,38.886314849441,-7.007025619961,NULL,80,0,NULL,7,4,4,NULL,training,True,726,728,NULL
728,38.886278542427,-7.007018988466,NULL,80,0,NULL,3,4,4,NULL,training,True,727,729,NULL
729,38.886257188367,-7.007254264511,NULL,80,0,NULL,2,4,4,NULL,training,True,728,NULL,NULL
730,38.886257188367,-7.007254264511,NULL,80,0,NULL,2,4,4,NULL,training,True,NULL,731,NULL
731,38.886278542427,-7.007018988466,NULL,80,0,NULL,3,4,4,NULL,training,True,730,732,NULL
732,38.886314849441,-7.007025619961,NULL,80,0,NULL,7,4,4,NULL,training,True,731,733,NULL
733,38.886297050993,-7.006819311975,NULL,80,0,NULL,6,4,4,NULL,training,True,732,734,NULL
734,38.886278542427,-7.007018988466,NULL,80,0,NULL,3,4,4,NULL,training,True,733,735,NULL
735,38.886278542427,-7.007018988466,NULL,80,0,NULL,3,4,4,NULL,training,True,734,736,NULL
736,38.886297050993,-7.006819311975,NULL,80,0,NULL,6,4,4,NULL,training,True,735,737,NULL
737,38.886314849441,-7.007025619961,NULL,80,0,NULL,7,4,4,NULL,training,True,736,738,NULL
738,38.886278542427,-7.007018988466,NULL,80,0,NULL,3,4,4,NULL,training,True,737,739,NULL
739,38.886257188367,-7.007254264511,NULL,80,0,NULL,2,4,4,NULL,training,True,738,NULL,NULL
740,38.886102007481,-7.007557595663,NULL,80,1,NULL,12,0,0,NULL,training,True,NULL,741,NULL
741,38.885788491904,-7.007503615252,NULL,80,1,NULL,10,0,0,NULL,training,True,740,742,NULL
742,38.885730545313,-7.008075928819,NULL,80,1,NULL,9,0,0,NULL,training,True,741,743,NULL
743,38.885730545313,-7.008075928819,NULL,80,1,NULL,9,0,0,NULL,training,True,742,744,NULL
744,38.885788491904,-7.007503615252,NULL,80,1,NULL,10,0,0,NULL,training,True,743,745,NULL
745,38.886102007481,-7.007557595663,NULL,80,1,NULL,12,0,0,NULL,training,True,744,NULL,NULL
746,38.886102007481,-7.007557595663,NULL,80,1,NULL,12,0,0,NULL,training,True,NULL,747,NULL
747,38.885788491904,-7.007503615252,NULL,80,1,NULL,10,0,0,NULL,training,True,746,748,NULL
748,38.885730545313,-7.008075928819,NULL,80,1,NULL,9,0,0,NULL,training,True,747,749,NULL
749,38.885730545313,-7.008075928819,NULL,80,1,NULL,9,0,0,NULL,training,True,748,750,NULL
750,38.885788491904,-7.007503615252,NULL,80,1,NULL,10,0,0,NULL,training,True,749,751,NULL
751,38.886102007481,-7.007557595663,NULL,80,1,NULL,12,0,0,NULL,training,True,750,NULL,NULL
752,38.886102007481,-7.007557595663,NULL,80,1,NULL,12,1,1,NULL,training,True,NULL,753,NULL
753,38.885788491904,-7.007503615252,NULL,80,1,NULL,10,1,1,NULL,training,True,752,754,NULL
754,38.885730545313,-7.008075928819,NULL,80,1,NULL,9,1,1,NULL,training,True,753,755,NULL
755,38.885730545313,-7.008075928819,NULL,80,1,NULL,9,1,1,NULL,training,True,754,756,NULL
756,38.885788491904,-7.007503615252,NULL,80,1,NULL,10,1,1,NULL,training,True,755,757,NULL
757,38.886102007481,-7.007557595663,NULL,80,1,NULL,12,1,1,NULL,training,True,756,NULL,NULL
758,38.886102007481,-7.007557595663,NULL,80,1,NULL,12,1,1,NULL,training,True,NULL,759,NULL
759,38.885788491904,-7.007503615252,NULL,80,1,NULL,10,1,1,NULL,training,True,758,760,NULL
760,38.885730545313,-7.008075928819,NULL,80,1,NULL,9,1,1,NULL,training,True,759,761,NULL
761,38.885730545313,-7.008075928819,NULL,80,1,NULL,9,1,1,NULL,training,True,760,762,NULL
762,38.885788491904,-7.007503615252,NULL,80,1,NULL,10,1,1,NULL,training,True,761,763,NULL
763,38.886102007481,-7.007557595663,NULL,80,1,NULL,12,1,1,NULL,training,True,762,NULL,NULL
764,38.886102007481,-7.007557595663,NULL,80,1,NULL,12,2,2,NULL,training,True,NULL,765,NULL
765,38.885788491904,-7.007503615252,NULL,80,1,NULL,10,2,2,NULL,training,True,764,766,NULL
766,38.885730545313,-7.008075928819,NULL,80,1,NULL,9,2,2,NULL,training,True,765,767,NULL
767,38.885730545313,-7.008075928819,NULL,80,1,NULL,9,2,2,NULL,training,True,766,768,NULL
768,38.885788491904,-7.007503615252,NULL,80,1,NULL,10,2,2,NULL,training,True,767,769,NULL
769,38.886102007481,-7.007557595663,NULL,80,1,NULL,12,2,2,NULL,training,True,768,NULL,NULL
770,38.886102007481,-7.007557595663,NULL,80,1,NULL,12,2,2,NULL,training,True,NULL,771,NULL
771,38.885788491904,-7.007503615252,NULL,80,1,NULL,10,2,2,NULL,training,True,770,772,NULL
772,38.885730545313,-7.008075928819,NULL,80,1,NULL,9,2,2,NULL,training,True,771,773,NULL
773,38.885730545313,-7.008075928819,NULL,80,1,NULL,9,2,2,NULL,training,True,772,774,NULL
774,38.885788491904,-7.007503615252,NULL,80,1,NULL,10,2,2,NULL,training,True,773,775,NULL
775,38.886102007481,-7.007557595663,NULL,80,1,NULL,12,2,2,NULL,training,True,774,NULL,NULL
776,38.886102007481,-7.007557595663,NULL,80,1,NULL,12,3,3,NULL,training,True,NULL,777,NULL
777,38.885788491904,-7.007503615252,NULL,80,1,NULL,10,3,3,NULL,training,True,776,778,NULL
778,38.885730545313,-7.008075928819,NULL,80,1,NULL,9,3,3,NULL,training,True,777,779,NULL
779,38.885730545313,-7.008075928819,NULL,80,1,NULL,9,3,3,NULL,training,True,778,780,NULL
780,38.885788491904,-7.007503615252,NULL,80,1,NULL,10,3,3,NULL,training,True,779,781,NULL
781,38.886102007481,-7.007557595663,NULL,80,1,NULL,12,3,3,NULL,training,True,780,NULL,NULL
782,38.886102007481,-7.007557595663,NULL,80,1,NULL,12,3,3,NULL,training,True,NULL,783,NULL
783,38.885788491904,-7.007503615252,NULL,80,1,NULL,10,3,3,NULL,training,True,782,784,NULL
784,38.885730545313,-7.008075928819,NULL,80,1,NULL,9,3,3,NULL,training,True,783,785,NULL
785,38.885730545313,-7.008075928819,NULL,80,1,NULL,9,3,3,NULL,training,True,784,786,NULL
786,38.885788491904,-7.007503615252,NULL,80,1,NULL,10,3,3,NULL,training,True,785,787,NULL
787,38.886102007481,-7.007557595663,NULL,80,1,NULL,12,3,3,NULL,training,True,786,NULL,NULL
788,38.886102007481,-7.007557595663,NULL,80,1,NULL,12,4,4,NULL,training,True,NULL,789,NULL
789,38.885788491904,-7.007503615252,NULL,80,1,NULL,10,4,4,NULL,training,True,788,790,NULL
790,38.885730545313,-7.008075928819,NULL,80,1,NULL,9,4,4,NULL,training,True,789,791,NULL
791,38.885730545313,-7.008075928819,NULL,80,1,NULL,9,4,4,NULL,training,True,790,792,NULL
792,38.885788491904,-7.007503615252,NULL,80,1,NULL,10,4,4,NULL,training,True,791,793,NULL
793,38.886102007481,-7.007557595663,NULL,80,1,NULL,12,4,4,NULL,training,True,792,NULL,NULL
794,38.886102007481,-7.007557595663,NULL,80,1,NULL,12,4,4,NULL,training,True,NULL,795,NULL
795,38.885788491904,-7.007503615252,NULL,80,1,NULL,10,4,4,NULL,training,True,794,796,NULL
796,38.885730545313,-7.008075928819,NULL,80,1,NULL,9,4,4,NULL,training,True,795,797,NULL
797,38.885730545313,-7.008075928819,NULL,80,1,NULL,9,4,4,NULL,training,True,796,798,NULL
798,38.885788491904,-7.007503615252,NULL,80,1,NULL,10,4,4,NULL,training,True,797,799,NULL
799,38.886102007481,-7.007557595663,NULL,80,1,NULL,12,4,4,NULL,training,True,798,NULL,NULL
800,38.886201192818,-7.007085648237,NULL,80,1,NULL,20,0,0,NULL,training,True,NULL,801,NULL
801,38.886257116311,-7.007094726293,NULL,80,1,NULL,40,0,0,NULL,training,True,800,802,NULL
802,38.886261780966,-7.007048940034,NULL,80,1,NULL,41,0,0,NULL,training,True,801,803,NULL
803,38.886261780966,-7.007048940034,NULL,80,1,NULL,41,0,0,NULL,training,True,802,804,NULL
804,38.886264054072,-7.007026522002,NULL,80,1,NULL,42,0,0,NULL,training,True,803,805,NULL
805,38.886208153866,-7.007017400813,NULL,80,1,NULL,26,0,0,NULL,training,True,804,806,NULL
806,38.886264054072,-7.007026522002,NULL,80,1,NULL,42,0,0,NULL,training,True,805,807,NULL
807,38.886266616354,-7.007001833788,NULL,80,1,NULL,43,0,0,NULL,training,True,806,808,NULL
808,38.886266616354,-7.007001833788,NULL,80,1,NULL,43,0,0,NULL,training,True,807,809,NULL
809,38.886213484819,-7.006961222681,NULL,80,1,NULL,29,0,0,NULL,training,True,808,810,NULL
810,38.886272617974,-7.006942062304,NULL,80,1,NULL,45,0,0,NULL,training,True,809,811,NULL
811,38.886216780594,-7.006932822755,NULL,80,1,NULL,30,0,0,NULL,training,True,810,812,NULL
812,38.886272617974,-7.006942062304,NULL,80,1,NULL,45,0,0,NULL,training,True,811,813,NULL
813,38.886276733337,-7.006901475402,NULL,80,1,NULL,46,0,0,NULL,training,True,812,814,NULL
814,38.886220926327,-7.006892179006,NULL,80,1,NULL,31,0,0,NULL,training,True,813,815,NULL
815,38.886276733337,-7.006901475402,NULL,80,1,NULL,46,0,0,NULL,training,True,814,816,NULL
816,38.886281323786,-7.006856203057,NULL,80,0,NULL,4,0,0,NULL,training,True,815,817,NULL
817,38.886225550993,-7.006846843305,NULL,80,0,NULL,0,0,0,NULL,training,True,816,818,NULL
818,38.886281323786,-7.006856203057,NULL,80,0,NULL,4,0,0,NULL,training,True,817,819,NULL
819,38.886286449973,-7.006805647101,NULL,80,0,NULL,5,0,0,NULL,training,True,818,820,NULL
820,38.886230704147,-7.006796235068,NULL,80,0,NULL,1,0,0,NULL,training,True,819,821,NULL
821,38.886201192818,-7.007085648237,NULL,80,1,NULL,20,0,0,NULL,training,True,820,822,NULL
822,38.886230704147,-7.006796235068,NULL,80,0,NULL,1,0,0,NULL,training,True,821,823,NULL
823,38.886286449973,-7.006805647101,NULL,80,0,NULL,5,0,0,NULL,training,True,822,824,NULL
824,38.886257116311,-7.007094726293,NULL,80,1,NULL,40,0,0,NULL,training,True,823,825,NULL
825,38.886201192818,-7.007085648237,NULL,80,1,NULL,20,0,0,NULL,training,True,824,NULL,NULL
826,38.886201192818,-7.007085648237,NULL,80,1,NULL,20,0,0,NULL,training,True,NULL,827,NULL
827,38.886257116311,-7.007094726293,NULL,80,1,NULL,40,0,0,NULL,training,True,826,828,NULL
828,38.886261780966,-7.007048940034,NULL,80,1,NULL,41,0,0,NULL,training,True,827,829,NULL
829,38.886261780966,-7.007048940034,NULL,80,1,NULL,41,0,0,NULL,training,True,828,830,NULL
830,38.886264054072,-7.007026522002,NULL,80,1,NULL,42,0,0,NULL,training,True,829,831,NULL
831,38.886208153866,-7.007017400813,NULL,80,1,NULL,26,0,0,NULL,training,True,830,832,NULL
832,38.886264054072,-7.007026522002,NULL,80,1,NULL,42,0,0,NULL,training,True,831,833,NULL
833,38.886266616354,-7.007001833788,NULL,80,1,NULL,43,0,0,NULL,training,True,832,834,NULL
834,38.886266616354,-7.007001833788,NULL,80,1,NULL,43,0,0,NULL,training,True,833,835,NULL
835,38.886213484819,-7.006961222681,NULL,80,1,NULL,29,0,0,NULL,training,True,834,836,NULL
836,38.886272617974,-7.006942062304,NULL,80,1,NULL,45,0,0,NULL,training,True,835,837,NULL
837,38.886216780594,-7.006932822755,NULL,80,1,NULL,30,0,0,NULL,training,True,836,838,NULL
838,38.886272617974,-7.006942062304,NULL,80,1,NULL,45,0,0,NULL,training,True,837,839,NULL
839,38.886276733337,-7.006901475402,NULL,80,1,NULL,46,0,0,NULL,training,True,838,840,NULL
840,38.886220926327,-7.006892179006,NULL,80,1,NULL,31,0,0,NULL,training,True,839,841,NULL
841,38.886276733337,-7.006901475402,NULL,80,1,NULL,46,0,0,NULL,training,True,840,842,NULL
842,38.886281323786,-7.006856203057,NULL,80,0,NULL,4,0,0,NULL,training,True,841,843,NULL
843,38.886225550993,-7.006846843305,NULL,80,0,NULL,0,0,0,NULL,training,True,842,844,NULL
844,38.886281323786,-7.006856203057,NULL,80,0,NULL,4,0,0,NULL,training,True,843,845,NULL
845,38.886286449973,-7.006805647101,NULL,80,0,NULL,5,0,0,NULL,training,True,844,846,NULL
846,38.886230704147,-7.006796235068,NULL,80,0,NULL,1,0,0,NULL,training,True,845,847,NULL
847,38.886201192818,-7.007085648237,NULL,80,1,NULL,20,0,0,NULL,training,True,846,848,NULL
848,38.886230704147,-7.006796235068,NULL,80,0,NULL,1,0,0,NULL,training,True,847,849,NULL
849,38.886286449973,-7.006805647101,NULL,80,0,NULL,5,0,0,NULL,training,True,848,850,NULL
850,38.886257116311,-7.007094726293,NULL,80,1,NULL,40,0,0,NULL,training,True,849,851,NULL
851,38.886201192818,-7.007085648237,NULL,80,1,NULL,20,0,0,NULL,training,True,850,NULL,NULL
852,38.886201192818,-7.007085648237,NULL,80,1,NULL,20,1,1,NULL,training,True,NULL,853,NULL
853,38.886257116311,-7.007094726293,NULL,80,1,NULL,40,1,1,NULL,training,True,852,854,NULL
854,38.886261780966,-7.007048940034,NULL,80,1,NULL,41,1,1,NULL,training,True,853,855,NULL
855,38.886261780966,-7.007048940034,NULL,80,1,NULL,41,1,1,NULL,training,True,854,856,NULL
856,38.886264054072,-7.007026522002,NULL,80,1,NULL,42,1,1,NULL,training,True,855,857,NULL
857,38.886208153866,-7.007017400813,NULL,80,1,NULL,26,1,1,NULL,training,True,856,858,NULL
858,38.886264054072,-7.007026522002,NULL,80,1,NULL,42,1,1,NULL,training,True,857,859,NULL
859,38.886266616354,-7.007001833788,NULL,80,1,NULL,43,1,1,NULL,training,True,858,860,NULL
860,38.886266616354,-7.007001833788,NULL,80,1,NULL,43,1,1,NULL,training,True,859,861,NULL
861,38.886213484819,-7.006961222681,NULL,80,1,NULL,29,1,1,NULL,training,True,860,862,NULL
862,38.886272617974,-7.006942062304,NULL,80,1,NULL,45,1,1,NULL,training,True,861,863,NULL
863,38.886216780594,-7.006932822755,NULL,80,1,NULL,30,1,1,NULL,training,True,862,864,NULL
864,38.886272617974,-7.006942062304,NULL,80,1,NULL,45,1,1,NULL,training,True,863,865,NULL
865,38.886276733337,-7.006901475402,NULL,80,1,NULL,46,1,1,NULL,training,True,864,866,NULL
866,38.886220926327,-7.006892179006,NULL,80,1,NULL,31,1,1,NULL,training,True,865,867,NULL
867,38.886276733337,-7.006901475402,NULL,80,1,NULL,46,1,1,NULL,training,True,866,868,NULL
868,38.886281323786,-7.006856203057,NULL,80,0,NULL,4,1,1,NULL,training,True,867,869,NULL
869,38.886225550993,-7.006846843305,NULL,80,0,NULL,0,1,1,NULL,training,True,868,870,NULL
870,38.886281323786,-7.006856203057,NULL,80,0,NULL,4,1,1,NULL,training,True,869,871,NULL
871,38.886286449973,-7.006805647101,NULL,80,0,NULL,5,1,1,NULL,training,True,870,872,NULL
872,38.886230704147,-7.006796235068,NULL,80,0,NULL,1,1,1,NULL,training,True,871,873,NULL
873,38.886201192818,-7.007085648237,NULL,80,1,NULL,20,1,1,NULL,training,True,872,874,NULL
874,38.886230704147,-7.006796235068,NULL,80,0,NULL,1,1,1,NULL,training,True,873,875,NULL
875,38.886286449973,-7.006805647101,NULL,80,0,NULL,5,1,1,NULL,training,True,874,876,NULL
876,38.886257116311,-7.007094726293,NULL,80,1,NULL,40,1,1,NULL,training,True,875,877,NULL
877,38.886201192818,-7.007085648237,NULL,80,1,NULL,20,1,1,NULL,training,True,876,NULL,NULL
878,38.886201192818,-7.007085648237,NULL,80,1,NULL,20,1,1,NULL,training,True,NULL,879,NULL
879,38.886257116311,-7.007094726293,NULL,80,1,NULL,40,1,1,NULL,training,True,878,880,NULL
880,38.886261780966,-7.007048940034,NULL,80,1,NULL,41,1,1,NULL,training,True,879,881,NULL
881,38.886261780966,-7.007048940034,NULL,80,1,NULL,41,1,1,NULL,training,True,880,882,NULL
882,38.886264054072,-7.007026522002,NULL,80,1,NULL,42,1,1,NULL,training,True,881,883,NULL
883,38.886208153866,-7.007017400813,NULL,80,1,NULL,26,1,1,NULL,training,True,882,884,NULL
884,38.886264054072,-7.007026522002,NULL,80,1,NULL,42,1,1,NULL,training,True,883,885,NULL
885,38.886266616354,-7.007001833788,NULL,80,1,NULL,43,1,1,NULL,training,True,884,886,NULL
886,38.886266616354,-7.007001833788,NULL,80,1,NULL,43,1,1,NULL,training,True,885,887,NULL
887,38.886213484819,-7.006961222681,NULL,80,1,NULL,29,1,1,NULL,training,True,886,888,NULL
888,38.886272617974,-7.006942062304,NULL,80,1,NULL,45,1,1,NULL,training,True,887,889,NULL
889,38.886216780594,-7.006932822755,NULL,80,1,NULL,30,1,1,NULL,training,True,888,890,NULL
890,38.886272617974,-7.006942062304,NULL,80,1,NULL,45,1,1,NULL,training,True,889,891,NULL
891,38.886276733337,-7.006901475402,NULL,80,1,NULL,46,1,1,NULL,training,True,890,892,NULL
892,38.886220926327,-7.006892179006,NULL,80,1,NULL,31,1,1,NULL,training,True,891,893,NULL
893,38.886276733337,-7.006901475402,NULL,80,1,NULL,46,1,1,NULL,training,True,892,894,NULL
894,38.886281323786,-7.006856203057,NULL,80,0,NULL,4,1,1,NULL,training,True,893,895,NULL
895,38.886225550993,-7.006846843305,NULL,80,0,NULL,0,1,1,NULL,training,True,894,896,NULL
896,38.886281323786,-7.006856203057,NULL,80,0,NULL,4,1,1,NULL,training,True,895,897,NULL
897,38.886286449973,-7.006805647101,NULL,80,0,NULL,5,1,1,NULL,training,True,896,898,NULL
898,38.886230704147,-7.006796235068,NULL,80,0,NULL,1,1,1,NULL,training,True,897,899,NULL
899,38.886201192818,-7.007085648237,NULL,80,1,NULL,20,1,1,NULL,training,True,898,900,NULL
900,38.886230704147,-7.006796235068,NULL,80,0,NULL,1,1,1,NULL,training,True,899,901,NULL
901,38.886286449973,-7.006805647101,NULL,80,0,NULL,5,1,1,NULL,training,True,900,902,NULL
902,38.886257116311,-7.007094726293,NULL,80,1,NULL,40,1,1,NULL,training,True,901,903,NULL
903,38.886201192818,-7.007085648237,NULL,80,1,NULL,20,1,1,NULL,training,True,902,NULL,NULL
904,38.886201192818,-7.007085648237,NULL,80,1,NULL,20,2,2,NULL,training,True,NULL,905,NULL
905,38.886257116311,-7.007094726293,NULL,80,1,NULL,40,2,2,NULL,training,True,904,906,NULL
906,38.886261780966,-7.007048940034,NULL,80,1,NULL,41,2,2,NULL,training,True,905,907,NULL
907,38.886261780966,-7.007048940034,NULL,80,1,NULL,41,2,2,NULL,training,True,906,908,NULL
908,38.886264054072,-7.007026522002,NULL,80,1,NULL,42,2,2,NULL,training,True,907,909,NULL
909,38.886208153866,-7.007017400813,NULL,80,1,NULL,26,2,2,NULL,training,True,908,910,NULL
910,38.886264054072,-7.007026522002,NULL,80,1,NULL,42,2,2,NULL,training,True,909,911,NULL
911,38.886266616354,-7.007001833788,NULL,80,1,NULL,43,2,2,NULL,training,True,910,912,NULL
912,38.886266616354,-7.007001833788,NULL,80,1,NULL,43,2,2,NULL,training,True,911,913,NULL
913,38.886213484819,-7.006961222681,NULL,80,1,NULL,29,2,2,NULL,training,True,912,914,NULL
914,38.886272617974,-7.006942062304,NULL,80,1,NULL,45,2,2,NULL,training,True,913,915,NULL
915,38.886216780594,-7.006932822755,NULL,80,1,NULL,30,2,2,NULL,training,True,914,916,NULL
916,38.886272617974,-7.006942062304,NULL,80,1,NULL,45,2,2,NULL,training,True,915,917,NULL
917,38.886276733337,-7.006901475402,NULL,80,1,NULL,46,2,2,NULL,training,True,916,918,NULL
918,38.886220926327,-7.006892179006,NULL,80,1,NULL,31,2,2,NULL,training,True,917,919,NULL
919,38.886276733337,-7.006901475402,NULL,80,1,NULL,46,2,2,NULL,training,True,918,920,NULL
920,38.886281323786,-7.006856203057,NULL,80,0,NULL,4,2,2,NULL,training,True,919,921,NULL
921,38.886225550993,-7.006846843305,NULL,80,0,NULL,0,2,2,NULL,training,True,920,922,NULL
922,38.886281323786,-7.006856203057,NULL,80,0,NULL,4,2,2,NULL,training,True,921,923,NULL
923,38.886286449973,-7.006805647101,NULL,80,0,NULL,5,2,2,NULL,training,True,922,924,NULL
924,38.886230704147,-7.006796235068,NULL,80,0,NULL,1,2,2,NULL,training,True,923,925,NULL
925,38.886201192818,-7.007085648237,NULL,80,1,NULL,20,2,2,NULL,training,True,924,926,NULL
926,38.886230704147,-7.006796235068,NULL,80,0,NULL,1,2,2,NULL,training,True,925,927,NULL
927,38.886286449973,-7.006805647101,NULL,80,0,NULL,5,2,2,NULL,training,True,926,928,NULL
928,38.886257116311,-7.007094726293,NULL,80,1,NULL,40,2,2,NULL,training,True,927,929,NULL
929,38.886201192818,-7.007085648237,NULL,80,1,NULL,20,2,2,NULL,training,True,928,NULL,NULL
930,38.886201192818,-7.007085648237,NULL,80,1,NULL,20,2,2,NULL,training,True,NULL,931,NULL
931,38.886257116311,-7.007094726293,NULL,80,1,NULL,40,2,2,NULL,training,True,930,932,NULL
932,38.886261780966,-7.007048940034,NULL,80,1,NULL,41,2,2,NULL,training,True,931,933,NULL
933,38.886261780966,-7.007048940034,NULL,80,1,NULL,41,2,2,NULL,training,True,932,934,NULL
934,38.886264054072,-7.007026522002,NULL,80,1,NULL,42,2,2,NULL,training,True,933,935,NULL
935,38.886208153866,-7.007017400813,NULL,80,1,NULL,26,2,2,NULL,training,True,934,936,NULL
936,38.886264054072,-7.007026522002,NULL,80,1,NULL,42,2,2,NULL,training,True,935,937,NULL
937,38.886266616354,-7.007001833788,NULL,80,1,NULL,43,2,2,NULL,training,True,936,938,NULL
938,38.886266616354,-7.007001833788,NULL,80,1,NULL,43,2,2,NULL,training,True,937,939,NULL
939,38.886213484819,-7.006961222681,NULL,80,1,NULL,29,2,2,NULL,training,True,938,940,NULL
940,38.886272617974,-7.006942062304,NULL,80,1,NULL,45,2,2,NULL,training,True,939,941,NULL
941,38.886216780594,-7.006932822755,NULL,80,1,NULL,30,2,2,NULL,training,True,940,942,NULL
942,38.886272617974,-7.006942062304,NULL,80,1,NULL,45,2,2,NULL,training,True,941,943,NULL
943,38.886276733337,-7.006901475402,NULL,80,1,NULL,46,2,2,NULL,training,True,942,944,NULL
944,38.886220926327,-7.006892179006,NULL,80,1,NULL,31,2,2,NULL,training,True,943,945,NULL
945,38.886276733337,-7.006901475402,NULL,80,1,NULL,46,2,2,NULL,training,True,944,946,NULL
946,38.886281323786,-7.006856203057,NULL,80,0,NULL,4,2,2,NULL,training,True,945,947,NULL
947,38.886225550993,-7.006846843305,NULL,80,0,NULL,0,2,2,NULL,training,True,946,948,NULL
948,38.886281323786,-7.006856203057,NULL,80,0,NULL,4,2,2,NULL,training,True,947,949,NULL
949,38.886286449973,-7.006805647101,NULL,80,0,NULL,5,2,2,NULL,training,True,948,950,NULL
950,38.886230704147,-7.006796235068,NULL,80,0,NULL,1,2,2,NULL,training,True,949,951,NULL
951,38.886201192818,-7.007085648237,NULL,80,1,NULL,20,2,2,NULL,training,True,950,952,NULL
952,38.886230704147,-7.006796235068,NULL,80,0,NULL,1,2,2,NULL,training,True,951,953,NULL
953,38.886286449973,-7.006805647101,NULL,80,0,NULL,5,2,2,NULL,training,True,952,954,NULL
954,38.886257116311,-7.007094726293,NULL,80,1,NULL,40,2,2,NULL,training,True,953,955,NULL
955,38.886201192818,-7.007085648237,NULL,80,1,NULL,20,2,2,NULL,training,True,954,NULL,NULL
956,38.886201192818,-7.007085648237,NULL,80,1,NULL,20,3,3,NULL,training,True,NULL,957,NULL
957,38.886257116311,-7.007094726293,NULL,80,1,NULL,40,3,3,NULL,training,True,956,958,NULL
958,38.886261780966,-7.007048940034,NULL,80,1,NULL,41,3,3,NULL,training,True,957,959,NULL
959,38.886261780966,-7.007048940034,NULL,80,1,NULL,41,3,3,NULL,training,True,958,960,NULL
960,38.886264054072,-7.007026522002,NULL,80,1,NULL,42,3,3,NULL,training,True,959,961,NULL
961,38.886208153866,-7.007017400813,NULL,80,1,NULL,26,3,3,NULL,training,True,960,962,NULL
962,38.886264054072,-7.007026522002,NULL,80,1,NULL,42,3,3,NULL,training,True,961,963,NULL
963,38.886266616354,-7.007001833788,NULL,80,1,NULL,43,3,3,NULL,training,True,962,964,NULL
964,38.886266616354,-7.007001833788,NULL,80,1,NULL,43,3,3,NULL,training,True,963,965,NULL
965,38.886213484819,-7.006961222681,NULL,80,1,NULL,29,3,3,NULL,training,True,964,966,NULL
966,38.886272617974,-7.006942062304,NULL,80,1,NULL,45,3,3,NULL,training,True,965,967,NULL
967,38.886216780594,-7.006932822755,NULL,80,1,NULL,30,3,3,NULL,training,True,966,968,NULL
968,38.886272617974,-7.006942062304,NULL,80,1,NULL,45,3,3,NULL,training,True,967,969,NULL
969,38.886276733337,-7.006901475402,NULL,80,1,NULL,46,3,3,NULL,training,True,968,970,NULL
970,38.886220926327,-7.006892179006,NULL,80,1,NULL,31,3,3,NULL,training,True,969,971,NULL
971,38.886276733337,-7.006901475402,NULL,80,1,NULL,46,3,3,NULL,training,True,970,972,NULL
972,38.886281323786,-7.006856203057,NULL,80,0,NULL,4,3,3,NULL,training,True,971,973,NULL
973,38.886225550993,-7.006846843305,NULL,80,0,NULL,0,3,3,NULL,training,True,972,974,NULL
974,38.886281323786,-7.006856203057,NULL,80,0,NULL,4,3,3,NULL,training,True,973,975,NULL
975,38.886286449973,-7.006805647101,NULL,80,0,NULL,5,3,3,NULL,training,True,974,976,NULL
976,38.886230704147,-7.006796235068,NULL,80,0,NULL,1,3,3,NULL,training,True,975,977,NULL
977,38.886201192818,-7.007085648237,NULL,80,1,NULL,20,3,3,NULL,training,True,976,978,NULL
978,38.886230704147,-7.006796235068,NULL,80,0,NULL,1,3,3,NULL,training,True,977,979,NULL
979,38.886286449973,-7.006805647101,NULL,80,0,NULL,5,3,3,NULL,training,True,978,980,NULL
980,38.886257116311,-7.007094726293,NULL,80,1,NULL,40,3,3,NULL,training,True,979,981,NULL
981,38.886201192818,-7.007085648237,NULL,80,1,NULL,20,3,3,NULL,training,True,980,NULL,NULL
982,38.886201192818,-7.007085648237,NULL,80,1,NULL,20,3,3,NULL,training,True,NULL,983,NULL
983,38.886257116311,-7.007094726293,NULL,80,1,NULL,40,3,3,NULL,training,True,982,984,NULL
984,38.886261780966,-7.007048940034,NULL,80,1,NULL,41,3,3,NULL,training,True,983,985,NULL
985,38.886261780966,-7.007048940034,NULL,80,1,NULL,41,3,3,NULL,training,True,984,986,NULL
986,38.886264054072,-7.007026522002,NULL,80,1,NULL,42,3,3,NULL,training,True,985,987,NULL
987,38.886208153866,-7.007017400813,NULL,80,1,NULL,26,3,3,NULL,training,True,986,988,NULL
988,38.886264054072,-7.007026522002,NULL,80,1,NULL,42,3,3,NULL,training,True,987,989,NULL
989,38.886266616354,-7.007001833788,NULL,80,1,NULL,43,3,3,NULL,training,True,988,990,NULL
990,38.886266616354,-7.007001833788,NULL,80,1,NULL,43,3,3,NULL,training,True,989,991,NULL
991,38.886213484819,-7.006961222681,NULL,80,1,NULL,29,3,3,NULL,training,True,990,992,NULL
992,38.886272617974,-7.006942062304,NULL,80,1,NULL,45,3,3,NULL,training,True,991,993,NULL
993,38.886216780594,-7.006932822755,NULL,80,1,NULL,30,3,3,NULL,training,True,992,994,NULL
994,38.886272617974,-7.006942062304,NULL,80,1,NULL,45,3,3,NULL,training,True,993,995,NULL
995,38.886276733337,-7.006901475402,NULL,80,1,NULL,46,3,3,NULL,training,True,994,996,NULL
996,38.886220926327,-7.006892179006,NULL,80,1,NULL,31,3,3,NULL,training,True,995,997,NULL
997,38.886276733337,-7.006901475402,NULL,80,1,NULL,46,3,3,NULL,training,True,996,998,NULL
998,38.886281323786,-7.006856203057,NULL,80,0,NULL,4,3,3,NULL,training,True,997,999,NULL
999,38.886225550993,-7.006846843305,NULL,80,0,NULL,0,3,3,NULL,training,True,998,1000,NULL
1000,38.886281323786,-7.006856203057,NULL,80,0,NULL,4,3,3,NULL,training,True,999,1001,NULL
1001,38.886286449973,-7.006805647101,NULL,80,0,NULL,5,3,3,NULL,training,True,1000,1002,NULL
1002,38.886230704147,-7.006796235068,NULL,80,0,NULL,1,3,3,NULL,training,True,1001,1003,NULL
1003,38.886201192818,-7.007085648237,NULL,80,1,NULL,20,3,3,NULL,training,True,1002,1004,NULL
1004,38.886230704147,-7.006796235068,NULL,80,0,NULL,1,3,3,NULL,training,True,1003,1005,NULL
1005,38.886286449973,-7.006805647101,NULL,80,0,NULL,5,3,3,NULL,training,True,1004,1006,NULL
1006,38.886257116311,-7.007094726293,NULL,80,1,NULL,40,3,3,NULL,training,True,1005,1007,NULL
1007,38.886201192818,-7.007085648237,NULL,80,1,NULL,20,3,3,NULL,training,True,1006,NULL,NULL
1008,38.886201192818,-7.007085648237,NULL,80,1,NULL,20,4,4,NULL,training,True,NULL,1009,NULL
1009,38.886257116311,-7.007094726293,NULL,80,1,NULL,40,4,4,NULL,training,True,1008,1010,NULL
1010,38.886261780966,-7.007048940034,NULL,80,1,NULL,41,4,4,NULL,training,True,1009,1011,NULL
1011,38.886261780966,-7.007048940034,NULL,80,1,NULL,41,4,4,NULL,training,True,1010,1012,NULL
1012,38.886264054072,-7.007026522002,NULL,80,1,NULL,42,4,4,NULL,training,True,1011,1013,NULL
1013,38.886208153866,-7.007017400813,NULL,80,1,NULL,26,4,4,NULL,training,True,1012,1014,NULL
1014,38.886264054072,-7.007026522002,NULL,80,1,NULL,42,4,4,NULL,training,True,1013,1015,NULL
1015,38.886266616354,-7.007001833788,NULL,80,1,NULL,43,4,4,NULL,training,True,1014,1016,NULL
1016,38.886266616354,-7.007001833788,NULL,80,1,NULL,43,4,4,NULL,training,True,1015,1017,NULL
1017,38.886213484819,-7.006961222681,NULL,80,1,NULL,29,4,4,NULL,training,True,1016,1018,NULL
1018,38.886272617974,-7.006942062304,NULL,80,1,NULL,45,4,4,NULL,training,True,1017,1019,NULL
1019,38.886216780594,-7.006932822755,NULL,80,1,NULL,30,4,4,NULL,training,True,1018,1020,NULL
1020,38.886272617974,-7.006942062304,NULL,80,1,NULL,45,4,4,NULL,training,True,1019,1021,NULL
1021,38.886276733337,-7.006901475402,NULL,80,1,NULL,46,4,4,NULL,training,True,1020,1022,NULL
1022,38.886220926327,-7.006892179006,NULL,80,1,NULL,31,4,4,NULL,training,True,1021,1023,NULL
1023,38.886276733337,-7.006901475402,NULL,80,1,NULL,46,4,4,NULL,training,True,1022,1024,NULL
1024,38.886281323786,-7.006856203057,NULL,80,0,NULL,4,4,4,NULL,training,True,1023,1025,NULL
1025,38.886225550993,-7.006846843305,NULL,80,0,NULL,0,4,4,NULL,training,True,1024,1026,NULL
1026,38.886281323786,-7.006856203057,NULL,80,0,NULL,4,4,4,NULL,training,True,1025,1027,NULL
1027,38.886286449973,-7.006805647101,NULL,80,0,NULL,5,4,4,NULL,training,True,1026,1028,NULL
1028,38.886230704147,-7.006796235068,NULL,80,0,NULL,1,4,4,NULL,training,True,1027,1029,NULL
1029,38.886201192818,-7.007085648237,NULL,80,1,NULL,20,4,4,NULL,training,True,1028,1030,NULL
1030,38.886230704147,-7.006796235068,NULL,80,0,NULL,1,4,4,NULL,training,True,1029,1031,NULL
1031,38.886286449973,-7.006805647101,NULL,80,0,NULL,5,4,4,NULL,training,True,1030,1032,NULL
1032,38.886257116311,-7.007094726293,NULL,80,1,NULL,40,4,4,NULL,training,True,1031,1033,NULL
1033,38.886201192818,-7.007085648237,NULL,80,1,NULL,20,4,4,NULL,training,True,1032,NULL,NULL
1034,38.886201192818,-7.007085648237,NULL,80,1,NULL,20,4,4,NULL,training,True,NULL,1035,NULL
1035,38.886257116311,-7.007094726293,NULL,80,1,NULL,40,4,4,NULL,training,True,1034,1036,NULL
1036,38.886261780966,-7.007048940034,NULL,80,1,NULL,41,4,4,NULL,training,True,1035,1037,NULL
1037,38.886261780966,-7.007048940034,NULL,80,1,NULL,41,4,4,NULL,training,True,1036,1038,NULL
1038,38.886264054072,-7.007026522002,NULL,80,1,NULL,42,4,4,NULL,training,True,1037,1039,NULL
1039,38.886208153866,-7.007017400813,NULL,80,1,NULL,26,4,4,NULL,training,True,1038,1040,NULL
1040,38.886264054072,-7.007026522002,NULL,80,1,NULL,42,4,4,NULL,training,True,1039,1041,NULL
1041,38.886266616354,-7.007001833788,NULL,80,1,NULL,43,4,4,NULL,training,True,1040,1042,NULL
1042,38.886266616354,-7.007001833788,NULL,80,1,NULL,43,4,4,NULL,training,True,1041,1043,NULL
1043,38.886213484819,-7.006961222681,NULL,80,1,NULL,29,4,4,NULL,training,True,1042,1044,NULL
1044,38.886272617974,-7.006942062304,NULL,80,1,NULL,45,4,4,NULL,training,True,1043,1045,NULL
1045,38.886216780594,-7.006932822755,NULL,80,1,NULL,30,4,4,NULL,training,True,1044,1046,NULL
1046,38.886272617974,-7.006942062304,NULL,80,1,NULL,45,4,4,NULL,training,True,1045,1047,NULL
1047,38.886276733337,-7.006901475402,NULL,80,1,NULL,46,4,4,NULL,training,True,1046,1048,NULL
1048,38.886220926327,-7.006892179006,NULL,80,1,NULL,31,4,4,NULL,training,True,1047,1049,NULL
1049,38.886276733337,-7.006901475402,NULL,80,1,NULL,46,4,4,NULL,training,True,1048,1050,NULL
1050,38.886281323786,-7.006856203057,NULL,80,0,NULL,4,4,4,NULL,training,True,1049,1051,NULL
1051,38.886225550993,-7.006846843305,NULL,80,0,NULL,0,4,4,NULL,training,True,1050,1052,NULL
1052,38.886281323786,-7.006856203057,NULL,80,0,NULL,4,4,4,NULL,training,True,1051,1053,NULL
1053,38.886286449973,-7.006805647101,NULL,80,0,NULL,5,4,4,NULL,training,True,1052,1054,NULL
1054,38.886230704147,-7.006796235068,NULL,80,0,NULL,1,4,4,NULL,training,True,1053,1055,NULL
1055,38.886201192818,-7.007085648237,NULL,80,1,NULL,20,4,4,NULL,training,True,1054,1056,NULL
1056,38.886230704147,-7.006796235068,NULL,80,0,NULL,1,4,4,NULL,training,True,1055,1057,NULL
1057,38.886286449973,-7.006805647101,NULL,80,0,NULL,5,4,4,NULL,training,True,1056,1058,NULL
1058,38.886257116311,-7.007094726293,NULL,80,1,NULL,40,4,4,NULL,training,True,1057,1059,NULL
1059,38.886201192818,-7.007085648237,NULL,80,1,NULL,20,4,4,NULL,training,True,1058,NULL,NULL
1060,38.886257188367,-7.007254264511,NULL,80,0,NULL,2,0,0,NULL,training,True,NULL,1061,NULL
1061,38.886252306351,-7.007276099765,NULL,80,1,NULL,39,0,0,NULL,training,True,1060,1062,NULL
1062,38.886252306351,-7.007276099765,NULL,80,1,NULL,39,0,0,NULL,training,True,1061,1063,NULL
1063,38.886257188367,-7.007254264511,NULL,80,0,NULL,2,0,0,NULL,training,True,1062,1064,NULL
1064,38.886257188367,-7.007254264511,NULL,80,0,NULL,2,0,0,NULL,training,True,1063,1065,NULL
1065,38.886252306351,-7.007276099765,NULL,80,1,NULL,39,0,0,NULL,training,True,1064,1066,NULL
1066,38.886252306351,-7.007276099765,NULL,80,1,NULL,39,0,0,NULL,training,True,1065,1067,NULL
1067,38.886257188367,-7.007254264511,NULL,80,0,NULL,2,0,0,NULL,training,True,1066,NULL,NULL
1068,38.886257188367,-7.007254264511,NULL,80,0,NULL,2,1,1,NULL,training,True,NULL,1069,NULL
1069,38.886252306351,-7.007276099765,NULL,80,1,NULL,39,1,1,NULL,training,True,1068,1070,NULL
1070,38.886252306351,-7.007276099765,NULL,80,1,NULL,39,1,1,NULL,training,True,1069,1071,NULL
1071,38.886257188367,-7.007254264511,NULL,80,0,NULL,2,1,1,NULL,training,True,1070,1072,NULL
1072,38.886257188367,-7.007254264511,NULL,80,0,NULL,2,1,1,NULL,training,True,1071,1073,NULL
1073,38.886252306351,-7.007276099765,NULL,80,1,NULL,39,1,1,NULL,training,True,1072,1074,NULL
1074,38.886252306351,-7.007276099765,NULL,80,1,NULL,39,1,1,NULL,training,True,1073,1075,NULL
1075,38.886257188367,-7.007254264511,NULL,80,0,NULL,2,1,1,NULL,training,True,1074,NULL,NULL
1076,38.886257188367,-7.007254264511,NULL,80,0,NULL,2,2,2,NULL,training,True,NULL,1077,NULL
1077,38.886252306351,-7.007276099765,NULL,80,1,NULL,39,2,2,NULL,training,True,1076,1078,NULL
1078,38.886252306351,-7.007276099765,NULL,80,1,NULL,39,2,2,NULL,training,True,1077,1079,NULL
1079,38.886257188367,-7.007254264511,NULL,80,0,NULL,2,2,2,NULL,training,True,1078,1080,NULL
1080,38.886257188367,-7.007254264511,NULL,80,0,NULL,2,2,2,NULL,training,True,1079,1081,NULL
1081,38.886252306351,-7.007276099765,NULL,80,1,NULL,39,2,2,NULL,training,True,1080,1082,NULL
1082,38.886252306351,-7.007276099765,NULL,80,1,NULL,39,2,2,NULL,training,True,1081,1083,NULL
1083,38.886257188367,-7.007254264511,NULL,80,0,NULL,2,2,2,NULL,training,True,1082,NULL,NULL
1084,38.886257188367,-7.007254264511,NULL,80,0,NULL,2,3,3,NULL,training,True,NULL,1085,NULL
1085,38.886252306351,-7.007276099765,NULL,80,1,NULL,39,3,3,NULL,training,True,1084,1086,NULL
1086,38.886252306351,-7.007276099765,NULL,80,1,NULL,39,3,3,NULL,training,True,1085,1087,NULL
1087,38.886257188367,-7.007254264511,NULL,80,0,NULL,2,3,3,NULL,training,True,1086,1088,NULL
1088,38.886257188367,-7.007254264511,NULL,80,0,NULL,2,3,3,NULL,training,True,1087,1089,NULL
1089,38.886252306351,-7.007276099765,NULL,80,1,NULL,39,3,3,NULL,training,True,1088,1090,NULL
1090,38.886252306351,-7.007276099765,NULL,80,1,NULL,39,3,3,NULL,training,True,1089,1091,NULL
1091,38.886257188367,-7.007254264511,NULL,80,0,NULL,2,3,3,NULL,training,True,1090,NULL,NULL
1092,38.886257188367,-7.007254264511,NULL,80,0,NULL,2,4,4,NULL,training,True,NULL,1093,NULL
1093,38.886252306351,-7.007276099765,NULL,80,1,NULL,39,4,4,NULL,training,True,1092,1094,NULL
1094,38.886252306351,-7.007276099765,NULL,80,1,NULL,39,4,4,NULL,training,True,1093,1095,NULL
1095,38.886257188367,-7.007254264511,NULL,80,0,NULL,2,4,4,NULL,training,True,1094,1096,NULL
1096,38.886257188367,-7.007254264511,NULL,80,0,NULL,2,4,4,NULL,training,True,1095,1097,NULL
1097,38.886252306351,-7.007276099765,NULL,80,1,NULL,39,4,4,NULL,training,True,1096,1098,NULL
1098,38.886252306351,-7.007276099765,NULL,80,1,NULL,39,4,4,NULL,training,True,1097,1099,NULL
1099,38.886257188367,-7.007254264511,NULL,80,0,NULL,2,4,4,NULL,training,True,1098,NULL,NULL
